indexnummer,re,dugobo,fogobo,duprbo,foprbo,dush,fosh,cash,misc,debt,ta11,tl11,nw11,ta0,tl0,nw0,w_deflated
00001,25000,4914,10,7382,0,15983,0,200,5585,-16800.82,59078.29,-16800.82,21138.73,29539.14,-100082.39,19456.57,7498.501227657759
00003,25000,16696,2776,51571,11136.88,38509,2451,403,2112,-3845.98,145370.71,-3845.98,141524.72,145374.04,-3845.98,141928.06,87517.80908937797
00009,350750,34738,264565,11565,3268,17302.25,2700,27816,23734,0,736355,-5003,731352,736230,-4988,731242,695753.3709477694
00014,154726,214,196399,178442,42401,19915,367,0,0,-307367,592479.7,-307367,132355.3,278264.53,-145909.24,132355.29,128839.46366932607
00018,0,50393,27915.71,115032.5,22144.55,11772.07,3077.96,1286.24,5629.44,-1691.68,237214.9,-1691.71,235523.19,237214.59,-1691.71,235522.88,218188.3961352146
00019,105745,3457.75,3755,52325.91,0,1611.95,367,321.21,10536.49,-8109.16,178082.32,-7956.4,169925.83,178071.32,-8155.49,169915.83,157729.69048588333
00022,0,3265.75,0,1344.94,10164.44,16737.5,61586.67,21379.56,3218,-39403.02,117696.86,-39403.02,38457.04,58848.43,-20391.39,38457.04,39639.13982128846
00029,0,0,0,254,0,5408,0,0,50,-10261.8,5714,-10261.8,-4547.68,5714.08,-10261.76,-4547.68,-2804.2586507529413
00031,46834,0,0,130,0,0,0,0,1075,-8979.74,48039.75,-8979.74,34066.69,45039.75,-10973.06,34066.69,26611.728918205383
00034,104000,47271,222,130246,23,34909,0,24037,26036,-43327,366816.595,-44028.51,159595.93,183610.29,-24013.36,158696.13,95007.3668644965
00036,53000,433,21713,96314,12067,51919,0,1898,37581,-3661.15,178427.99,-4224.35,174203.64,178427.99,-4224.35,174203.64,160389.9728681849
00038,61392,101434,160,68978,50954,133188.9,50408.5,438,24290,-421582.54,210627.58,-50831.7,157385.97,210627.57,-50831.72,159795.85,65255.43928874688
00041,38950,2380.25,23779.09,31374.38,5666,34121,20938,0,1851.5,12401.14,144133.33,-3984.83,140084.99,144133.33,-3984.83,140043.99,102518.71636315229
00042,0,209,0,1250,0,3068.35,33,916.25,24000,-131074.82,29550.2,-131074.82,-101524.61,29550.2,-131074.81,-101524.62,-91953.41799860196
00046,342886.71,0,0,42897.51,0,478.82,0,6050,34020,-57631.76,378051.85,-57631.76,320420.09,378051.85,-57631.76,320420.09,292561.86744263425
00047,1214762,17793.01,83051,67686.9,16281,63220,31575,113659.16,100140.22,-417464.92,1453974.7,-9639.53,1444294.13,1453974.66,-9639.53,1444344.13,1128272.058487666
00049,101945,8303,33993,46177,2327,74,20844,5189,7179,-17375,163011.79,-29742.5525,156309.38,195873.165,-29742.5525,171130.6025,162345.08823008122
00054,0,0,0,13793.8,0,4248,0,2661.76,4783,-510,15730.78,-607.87,15128.585,15730.78,-607.87,15143.505,11829.586318233081
00063,0,0,0,0,0,0,0,146.92,1206.01,-2054.55,1352.93,-2054.55,-701.62,1352.93,-2054.55,-701.62,-369.7807230629418
00066,288418.71,200,9725.8,36335.5,2926,190022.5,0,4614,39327,-164635.62,341676.97,-164635.62,177041.35,352096,-164635,187460.88,169788.06379207099
00068,32000,27896,6033,26583,8585,7057,5708.4,3394,9196,-10084,58421,-1405,57015,62834,-5817,57015,25662.368112969743
00076,115148,419,2,24125,32708.75,122250.25,5070,2650,9572.21,-26009,311945.73,-22440,286116.49,311945.73,-25829.43,286116.44,294911.14163568727
00078,48189,70053,85972,12000,2951,0,0,8254,8478,-791,117955.03,-726.025,117229.005,117955.03,-726.025,117229.005,111454.17718904404
00080,359862.5,23016,0,26652.5,0,15300,0,34250,26247,-3315.91,460932,-3315.91,457616.76,460932.67,-3315.91,457606.76,390826.50311871985
00082,926450,20773.75,304.75,186795.92,0,20898,0,0,12091.5,-37857.13,1167314.73,-37857.13,1129457.6,1162110.36,-37857.13,1124255.22,1067120.9383041544
00087,108000,21610,135845.8,40160,47025,164566.79,37475,6012,49084.19,-50688.91,567811.97,-16294.41,559089.56,580183.97,-17761.78,562422.23,381109.04593527067
00088,1589650.43,541871.78,1569228.15,307919.1,66048.8,30681,103612,12897,69692.86,0,2145671.5,0,2145671.5,2145671.5,0,2145671.5,1586105.792970587
00089,0,5000,0,30100,0,24434.12,0,3150,13382.94,-26096.91,76967.06,-26096.91,41260.15,67257.06,-26096.91,41260.15,35834.440285119344
00092,12000,15257.5,2425.21,8765,1094.4,11303.89,20.25,1006.654,4814.51,-7240.116,56095.64,-7089.78,23884.93,28110,-4144.89,23965.11,14777.725572983547
00107,935050,427976,277213,682859,196897,870406.5,289885,1708,58860,-20528,3745579.94,-20528,1862155.42,1872984.97,-10634.55,1862350.43,1617289.619612752
00108,0,0,0,3975.9,0,510,0,575,1618,-11056.31,6689,-11056.31,-4366.5,6689.81,-11056.31,-4366.5,-4045.1256019135576
00109,27781,2708,0,9479.25,0,27555,0,159,20566.34,-5097.29,89743.3,-5097.29,84046.01,89746,-5097.29,84648.71,78577.81601825621
00112,187260.01,99694.59,90675.2,6107.98,0,25746.31,8441,9636.2,13166.52,-3372.67,440730.69,-3372.67,437757.53,440730.69,-2973.16,437757.53,415283.90476643376
00113,605214,5025,112215,179402,4967,22893,33564,18140,22456,-21240.24,608656.44,-21240.24,587415.2,718655.45,-21240.24,697415.21,512094.27550975274
00117,35280,12630,1000,24292.75,35615.05,8961,0,112.02,4636.55,-3785.12,122887.385,-3785.12,119102.265,122887.385,-3785.12,119102.265,62771.474117234546
00118,151837,108,1,4637.33,7917,8862,966,902,2968,-77219.55,178219.55,-77219.55,100488.9,178219.57,-77780.65,100438.9,103526.21004103303
00124,31200,2472.5,15,70157.5,0,9663.5,0,2640.42,5093.17,-1428.43,62212.7,-1428.43,60784.26,62212.7,-1428.34,60784.26,31234.75160888556
00127,6500,12906.75,13008,2132.25,11140,473.5,13875,20,3627.1,-267,4967,-267,4760,4967.2,-207.2,4760,4065.355491787548
00129,4,0,1002,29021.7,362.1,56283.6,6265.1,0,1147,-74894,94078,-74894,19183.49,94078.02,-74894.53,19183.49,16660.861069704886
00130,41239,46868.9,39013.46,63274.65,0,31433,4150,0,8900,-85100.36,234790.69,-85100.36,149690.53,234770,-85100,149670,104880.09913397765
00132,77322,0,37904.25,43910,28100,8440,0,2288.3,3405,-32533.87,205447.34,-32533.87,86456.73,101071.89,-16936.05,84135.86,77464.21545865174
00134,118841,8287,37900,115964,53030.75,73761.45,0,200,8233,-5258.6,413224.29,-4256.05,203481.57,206612.14,-3130.57,203481.57,181422.58869029442
00136,367441.3,15020,129096,48595.13,70307.95,201221.1,47044.8,2355,63050.8,-5454.7,944140.7,-5024.6,469127.95,472070.35,-2942.4,469127.95,445287.0213835471
00137,528955,67368,93090,572033.65,66284.25,145983.5,43256,6140,24092,-9894.27,1526607.57,-9894.27,1516713.29,1536508.07,-9894.27,1526613.8,1325731.5122469072
00138,144886.66,3000,52722,16285,0,34759,0,2593,6082,-4418.43,260531.17,-4418.43,256112.74,260531.17,-4418.43,256112.74,243496.3489140897
00139,219880,0,1221,39960,0,428676.5,0,0,9399,-9389.42,734408.32,-9229.17,360929.62,368981.61,-5274.48,363707.12,389686.1998140797
00143,15850,0,0,3235,0,0,0,50,868,-380.81,20005.68,-380.81,9812.43,10002.84,-738.4,9264.43,6077.41678573403
00144,4000,12880,0,40319,0,20237,0,825,0,-10863.14,78252.71,-10863.14,33414.69,39116.36,-5751.67,33404.69,25748.126216848254
00150,48000,12975,11192,15993,0,38735,4400,1719,12791,-38991,31852.69,-22704.75,9147.94,15936.18,-12542.68,3393.5,2157.2689325242827
00154,92000,2710,0,9113,0,50531,0,1000,6250,-31197.82,161607.48,27147.82,62917.83,78776.4,-15860.91,62915.49,41272.22667867116
00159,33800,850,0,24189.09,6695.5,176010,9825,2801.89,3418.16,-40246.97,256810.14,-40246.91,216563.17,256810.14,-40249.42,216560.72,197379.56283528046
00160,0,0,1708,4996,1557,10063.34,0,820,5097,-1139.02,24247,-745.47,11357.49,12123.78,-766.29,11357.47,11589.663601330407
00163,890249.085,5081,9920.625,148455.69,11637,9518.26,14536.89,750,6271.995,-352374.95,877446.51,-532164.99,345281.52,877446.51,-532164.99,345281.52,181976.63995591857
00165,1491602,317830,231754,164229,61336,409741,128165,32548,74035,-78402,1875296.74,-78354.825,1873986.14,1875296.74,-1310.6,1873986.14,1358334.969199876
00168,35078,21520,16249,17441,23663,8884,0,800,10794,-835,67210.88,-841.555,66369.325,67531.715,-841.555,66690.16,66690.16
00169,0,38910,0,46649.75,0,298.32,0,1132.59,2088.14,-178155.07,7656.09,-93699.12,-86069.21,7656.09,-93699.12,-86043.03,-74728.37157610265
00170,148664,8196,5637.5,122334,0,10469.5,0,1149.98,17334.59,-17788.61,313788.94,-17788.61,296000.33,313788.94,-17788.61,296000.33,214552.0666090429
00172,443810.3,59707.5,265531.25,454865.66,289666.06,115467.9,103644.5,8217.31,34275.51,-94146.39,1773857.83,-94146.39,1679701.44,1831363.51,-94146.39,1737214.12,1691067.546295885
00175,0,4005,57,29307,0,81946,0,0,23290,-23364.75,139068.98,-23364.75,115804.22,56310,-15959,40350.64,29977.85167823387
00176,1700676.4,0,0,307574,0,141781,0,1000,16890,-706584.52,1208595.72,-708843.38,857041,1559403.44,-708843.38,850558.06,557961.5619118212
00180,417715,1104,152362,7952,32445,130282,44059,5156,40220,-11657.22,798258.65,-11657.22,786601.43,798537.67,-11657.22,786880,683405.2801929878
00181,120848.96,189696.5,28206.8,308688,27948,142181.6,27797.31,10038,22117,-6284.66,614921.07,-5886.92,640269.73,614921.07,-5886.92,609034.15,399523.16184538684
00184,0,10653,74377,13750,17215,53817,0,703,10692,-2139.62,181124.16,-2139.62,178984.54,181124.16,-2139.62,178984.54,132307.49243123925
00197,466628,0,69302,15686,84413,7702,39635,1232,20288,-10,707092,-16717,690375,707092,-16717,690374,639562.4739025468
00198,637117,0,3450,43002,93635,83162,12638,5126,18333,-182416,898600,-182416,724361,906778,-182416,724361,719637.987362833
00202,0,0,4138.5,78,0,6058,0,1862,4619,-2552.97,16871,-2552.97,14318.2,16871.17,-2552.97,14318.2,9856.032881567842
00204,256177.05,18180,0,20982.68,0,10150,0,5160,14085,-58541.1,1718964,-58541.1,113355.27,171896.45,-58541.17,113355.27,103315.19787002547
00206,26529,28289,5783,173926.45,30705,77636,1621,2626,6655.3,-9441.58,352947.1,-2046.58,343504.65,352945.58,-9442.45,343503.13,255200.0628638924
00215,0,170.95,11617.51,10706.77,6549.25,248.75,4781.2,669,3583,-25502.54,58984.91,-25502.54,13482.37,39082.54,-25502.54,13580,10038.496884793674
00217,120760,0,21105,16136.53,14982.08,18246.47,0,5465,10081,-102713.83,210560.91,-102713.83,107847.08,208995.44,-104595.12,104400.32,99333.56476792338
00218,37910,3527,13175,198146.5,8726,29988,0,1847,7418,-108152.57,300115.78,-108152.57,188152.57,296244.3,-108091.73,188152.57,163394.16764033056
00225,30000,32893,4198.42,19750,0,36002,0,1598,9723,-5873.26,49908,-10821,45266.08,49908,-10821,39087,20085.34342101953
00228,49276.76,2750.75,13745,21924,3880,2800,1080,0,10,-44853.09,56382,-3626.34,52756.06,56382.4,-3626.34,52756.06,27804.472524659985
00231,1130.58,469.6,3246.95,173199.86,0,15394.27,40578.4,3788.3,236806.275,-11415.42,249370.415,-11415.42,237954.99,249370.415,-11415.425,237954.99,206643.24450584536
00232,26000,0,421.6,1054,4,34242.8,0,2975.53,4330.18,-41805.81,69038.26,-41805.81,27232.45,69038.26,-41805.81,27232.45,25890.95000500757
00233,807485,0,174722.75,9960.82,71855.74,64194.17,5807,3663,20985,-14409.54,1152489.01,-14409.54,1138079.47,1152779.11,-14104.85,1138644.25,833540.5675337033
00238,99360,1975,2345,6625,2299,2810,603,78,16365,-90613,132464.805,-91474.385,40990.42,132464.805,-91474.385,40990.42,37648.244267869355
00242,368960,3975,51732,104293.59,0,102598,13950,3352.1,9534.35,-7400.06,658396.34,-7400.06,650996.28,658396.34,-7400.06,650996.28,650996.28
00243,3065120,12300,113685,47615,92124,160589,21583,12022.32,51686,-310328.28,3817494.53,-271628.28,3507171.25,3840450.16,-310323.28,3530126.87,3197325.256329021
00254,0,207.68,4799.79,1018.2,305.41,3009.5,0,48.17,143.72,-555.93,11793.99,-555.93,11238.06,11805.05,-555.93,11249.12,9768.883832339869
00255,0,0,0,670,0,0,0,593.75,390,0,1493.75,0,1493.75,1493.75,0,1493.75,1559.6560161487414
00256,432550,183427,9731,76843,9042.9,178081.5,31059,32870,84519,-139267.38,1067531.44,-139267.38,928264.06,1067531.44,-139197.38,928334.06,540040.8225252501
00256,432550,183427,9731,76843,9042.9,178081.5,31059,32870,84519,-139267.38,1067531.44,-139267.38,928264.06,1067531.44,-139197.38,928334.06,540040.8225252501
00257,105537,0,1623.06,22355.87,0,3529.5,0,0,17252,-189038.45,150297.43,-189038.45,-38741.02,150297.43,-189038.45,-38741.02,-39993.55265756239
00260,0,108,71,0,0,2557.42,0,0,0,-122375.85,2385.43,-122375.85,-119990.43,2385.42,-122375.85,-119990.43,-110206.94636567956
00262,0,100,0,23964,0,0,0,20,1409,-160818.42,25497.18,-160818.42,-135321.24,25497.18,-160818.42,-135321.24,-93757.09292552508
00264,0,4286,16729,19913,18276,17,0,1986,7400,-17399,65076.1,-18174.76,50435.56,65076.1,-18174.76,46901.34,42479.730746242145
00268,300,0,0,0,0,40,0,0,3992.73,-2149.92,4332.73,-2149.92,2182.81,4332.73,-2149.92,2182.81,1864.2644161825162
00273,438401,2807,139865,49123,20546,46618,0,8886,23330,-8520,724127.4,-8923.8,715203.6,724127.4,-8923.8,715203.6,678486.4299444731
00281,487175.2,0,241996.67,866930.18,57889,14010,24078,3500,5000,-164604.48,1314435.55,-164604.48,959042.58,960156.42,-1108.53,959047.89,702067.6761179804
00282,55749.39,2843,113931,129442,315737,57937,0,3221,50641,-9441.99,734799.43,-9441.99,725357.44,734808.43,-9441.99,725366.44,662301.0444401768
00294,100,0,895.6,4761.25,0,123090,0,1544.5,1790,-51951.8,132182,-51951.8,80230.25,132182.09,-51951.84,80230.25,74476.24214945153
00297,255304,1184,8315,170916.4,29471.75,29057,17837,2803,26396,-175663.77,543629.55,-175663.77,182466.06,265814.07,-81921.88,183192.89,159087.1162651493
00299,9143.33,4815,11504,43060.08,0,24951.58,0,0,1589,-762.08,96451.62,-762.08,95691.54,96467.37,-762.05,95705.29,97661.90145937176
00301,19500,30835,0,103584,2509,78286,22665,0,7177.78,-1073.4,264645,-1073.4,264260.69,265260.69,-1073.4,264187.29,193986.01712663384
00303,118008,183035,53954,362562,145519,570162,9915,2589,16307,-95424.52,1462458.45,-95244.52,681805.51,731499.22,-41184.21,690315.01,599538.5863543046
00305,38500,526,19149,4032,8300,2577,0,2192,24100,-2158,93858.415,-611.31,92072.465,94357.51,-1785.95,92571.56,58848.313075971004
00306,124000,2315,659,4977,0,811781,19098,121332,23463,-394172.67,1107610,-394172.7,356718.66,696195.19,-306950.52,386958.66,189374.803028637
00314,143584.5,0,0,7003.67,0,419,0,4621.47,6100,-1845.82,161265.02,-1845.82,159419.2,161265.02,-1845.82,159419.2,146420.87059825976
00316,0,31280,5,8016.8,0,1196,0,480,2623,-1870,44096,-2153,20293,27137,-1755,25382,23177.65430232085
00318,36239,0,24617,786162,142993,175357,64259,1497,27782.18,-10792.08,1143872.14,-10792.08,1133080.06,1145990.94,-10792.05,1135198.86,1012134.493848613
00322,13457,158,0,50,0,800,0,67,3944,-8014,13072.19,-8144.61,4927.58,13072.19,-8144.61,4927.58,4673.076250355385
00323,0,33723.25,24.9,12729,0,56311,3913,275,9757,-29681.51,116740.78,-29681.49,87059.27,119065.78,-29681.51,89384.27,71581.1288466471
00325,25000,0,0,1901,0,144939,0,495,8942,-76116.51,181314.71,-76166.51,105198.2,181314.71,-76357.13,104957.58,72719.68230041517
00326,18000,11725,0,39236,0,0,0,997,3889.5,-10306.62,73729.91,-10306.62,63423.29,73729.91,-10306.62,63423.29,33426.51297743885
00329,204000,6426,20331,295997,0,10450,11002,635,19486,-235665,569093.185,-237102.345,331990.84,569093.185,-237094.97,331998.215,314850.8951000047
00334,24550,0,4066,16631.85,5040,0,0,42.5,1572,-3659.89,30836.19,-955.89,29614.65,32540.54,-2905.89,29614.65,28827.979771377537
00335,156250,22993,61057.8,26671.5,466,1950,0,3610,14881,-33915.82,291580,-35265.45,256315.21,291580.67,-35265.45,256315.21,187634.6590350062
00337,113980.2,21588.25,8825.16,95977.15,10260.75,59154.5,7408,1427.54,31923.5,-6373.77,350382.2,-6373.77,344088.43,350381.51,-6373.77,344007.73,154837.3761460511
00341,552965.96,0,1942,106864.93,0,110454.75,3918,600,10035.3,-18557.26,376232.73,-14631.26,358551.47,375907.64,-15242.17,360665.47,215921.31215579138
00344,20400,0,0,748,0,595,0,7,11079,-33241.2,32831.29,-33241.24,-409.95,32831.29,-33241.24,-409.95,-157.99344788306973
00348,60000,534661.5,521845,1134252,157438,296390,25464,8058,277540.9,-44082.38,3057252.03,-44082.38,3013169.65,3057252.03,-44082.38,3013169.65,2041786.667203061
00349,1068152.64,61355,383302,197774.34,0,146901,26010,13444,34129,-78588.21,1931055.16,-78588.21,1852546.1,1931055.16,-78509.06,1852546.1,1447145.4262706062
00350,223965,49547,69969,89725.5,15203,18191,5077,2117,27678,-3032.59,509317.49,-3032.59,506884.9,509334.6,-3032.59,506302.01,348516.52152951417
00353,145645,1000,101025,9800,27112,123890,66400,7442,20873,-1408.34,280174.25,-1408.34,279721.15,281629.49,-1700.34,279721.15,265941.78305636195
00356,27000,0,9320,2400,7700,6840,1237.5,260,5390,-65848,60247.5,-66547.5,-6300,60247.5,-66547.5,-6300,-4004.948953853833
00358,217040,2696,1097,373430,37801,32472,0,487,9934,-1790,480062.89,-1790,478263.84,480062.89,-1799.75,478263.13,415329.99543619953
00359,0,7819,103907.9,123510,65645.25,61588,26306,1720,33152,-142382.13,201781,-130184.84,70597,211393.09,-141589.57,69794.52,63446.243124192755
00360,13000,0,8993,17060,8994,11635,3175,0,5215,-6398.11,68082.49,6398.11,61684.38,87695.99,-9311.8,78384.19,74335.7381701249
00363,39000,0,0,0.35,0,1285,0,15,949,-25571.35,41254.2,-25571.15,15685.07,36326.58,-23116.8,13209.78,9813.991175038751
00368,36000,0,125073.82,12240,181400,104226.61,5000,1710,10738,-4881.65,479476,-4859.4,236766,239738.02,-2972.35,236765.67,247212.05130241846
00374,19300,0,2192.6,12578,1091,34595.5,16,1173,113,-56816.55,71887.5,-56816.55,14270.87,71887.02,-56816.53,14190.49,8750.352782280877
00376,47764,36183,0,10270,0,0,0,385,1603,-1316,97151.08,-1316,46992.49,48725.54,-1583.06,47142.48,35023.73867615061
00377,72089,60307,26487.48,4655.34,2446.88,30265,0,415.5,5067.17,-2959.56,199244.37,-2959.56,196284.81,199706.92,-2959.56,196747.36,198691.95589610704
00381,0,0,0,0,0,0,0,0,0,0,4650,-30000,-25350,4650,-30000,-25350,-23104.706697846035
00382,0,0,21720,1166,0,5300,2036,82,605,-1044.72,31152.21,-1044.72,30107.49,30992.74,-959.72,30833.01,29266.08654033323
00384,3090,36748,33468,87354,14739,3426,506,1000,4764,-600,441627.19,-600,242250.59,242850.59,-600,242250.59,206898.0601775785
00391,3000,0,0,1019,0,200,0,2160,13312,-1885,19691,-1885,17806,19691,-1885,17806,17806
00395,0,0,3209,831.2,0,1299.3,0,5.92,839,-2881.89,6186,-2881.89,3304.1,6186,-2881.89,3304.1,3082.9510641146703
00397,16400,0,507,0,0,4190,2100,32,1275,-140,12253.75,-52,12086.35,12253.75,-166,12087.75,12951.160708106681
00400,258705,46919.9,96603.765,148783.135,32028.125,93930.925,4978.15,1073.36,22919.75,-6793.175,703871.52,-4722.585,699148.935,703871.52,-4722.585,699148.935,643709.159667791
00402,33451,12669,5394,192261,18680,72495,0,0,0,-2098.89,332374.7,-2098.89,165097.07,166187.35,-1427.51,164759.84,122405.6432822266
00407,843300,0,37219,350025,33069,234972,335113.32,1135,44907,-74052.38,1879725.69,-74052.38,1805673.3,1879724.64,-74052.38,1805673.5,1568227.435192854
00409,0,0,0,0,0,0,0,0,4981,-9844.5,4981,-9844.5,-4863.65,4981,-9844.5,-4863.65,-4477.981582591198
00410,0,960,1468,81404,18045.5,389891,26412,340,16163,-2986.91,443926.71,-2986.91,433926.71,443926.71,-2986.91,440939.8,289254.1626433797
00413,0,27500,19041.53,49636,18597,32683.15,4640,19,3043,-48220.3,155165.71,-48220.3,106945.41,155163.81,-48216.31,106947.5,82434.46439935167
00414,19000,5495,10482,18471,24549,32400,196,2144,7347,-8799.97,119398.76,-8799.97,110598.79,119398.76,-8571.97,110826.79,76288.39423940258
00423,0,0,0,0,0,0,0,0,190089.8,0,190089.8,-266720.8,-76630.41,190089.8,-266720.8,-76630.41,-47252.992768454395
00427,83504,111860,4605,115685,4,9907,382,3659,13421,-144799,345367.1,-55343.06,290024.04,345357.1,-55343.05,290014.04,168710.19481541158
00428,0,20938,49217,0,911,500,1804,5694,3965,-3437,82987,-2390,80596,83047,-2390,80656,58462.47362095496
00433,174319,688,2765,14817,0,34911,2718,597,27614,-21315.77,258436.95,-21315.77,237120.18,258574.44,-21454.27,237120.17,230821.4165673274
00436,95355,0,0,-101934,0,29442,0,718,7156,-1460,57503,-1460,56043,139902,-83859,56043,49244.5826739671
00437,0,8044.17,18592,33107,19875,29401.1,0,860,10626,-247.71,119588,-247.71,59189.94,59758.16,-568.21,59189.94,51401.32276152862
00440,11000,54681,27533,41772,5750,3232,5900,967,4915,-574.85,87757.76,-409.47,87348.29,87757.76,-409.47,87348.29,83045.41858749038
00442,0,0,0,0,0,0,0,0,3524,0,3524,0,3524,3524,0,3524,2716.277168124634
00444,12000,625,5083,1802,123,28830,157,3000,3336,-35405.24,54889.76,-35405.24,19454.52,54889.76,-35405.24,19484.52,18087.115890650115
00448,43156.11,0,0,0,0,0,0,0,0,0,43156.11,-61071.8,-17915.7,43156.11,-61071.76,-17915.65,-11047.416813927526
00455,207531,23741,66598,18858,13819,42795,1620,1426,9912,-1759.89,438929.77,-1759.89,437169.88,438937.08,-1702.49,437224.59,323201.59680929244
00456,754793,47320,70464,8838,820,105779,5405,0,36656.22,-313593.92,1032640.98,-85900,712468.14,1037464.47,-10503.74,1026960.73,719634.8177263449
00458,79868,0,0,13517,0,76427,0,102,-11626,-52578,158413,-53458,104835,180196,-75277,104918,93958.84000105847
00459,0,0,0,5120,0,8480,0,130,13768,-16015,13749,-2706.99,11482.01,13749,-2706.99,11042.01,6610.572639619119
00460,5669,970,933,13978,487,2028,21980,60,1139,-485.85,25572.73,-485.85,11939.76,25572.73,-485.85,11939.76,8870.450474730138
00461,0,104,1929,2600,110,621,0,110,1130,-6000,6607.44,-6000,303.72,6607.44,-6000,303.72,263.7808200744895
00462,116001,38202,54378,95490,84483,174563,80372,7745,12301,-1228,662359.18,-1320.39,661038.79,662695.8,-3300.39,663355.45,605681.4640750177
00463,0,0,0,901.5,0,5156.5,0,10,50,-2830.5,8446,-3530,4915.5,8446,-3530,4915.5,2942.7857618357325
00468,87003,200,35688.99,14015,6581,564,0,4196,6395,-21513.86,154726.33,-21513.86,133212.47,154832.23,-21513.86,133318.37,123756.9521108332
00469,0,3527,75690,146919,71952,72583,52999.5,7740,35899,-8097.76,248711.86,-711.1,248000.76,241571.07,-4404.43,237166.64,160709.0670972835
00470,24000,2075,0,45000,12779.5,47280,0,8509,10929,-67091.36,150754.42,-67091.36,41831.53,109288.85,-27591.33,81697.52,77545.67881794885
00475,419575,33643,14226,100329,12918,52301,58085,25,55085,-81367.39,534226.58,-81367.39,452343.56,516170.58,-81883.01,434287.56,388924.2586066269
00483,0,17,0,2257.5,0,201,0,526,1683,-8600.39,4623.78,-8600.39,-3976.6,4623.78,-8600.39,-3976.6,-3772.44904432415
00486,449808,26091,5914,26073,61275,107161,1.5,2009,17337,-12898.25,725194.26,-12898.25,712296.01,728104.75,-12898.25,712206.54,643185.3809820791
00497,10675,2328,14875,78388,-20046,56,340,6050,15140.2,-25783.32,113259.465,-24386.055,88873.41,113443.965,-24486.05,88957.915,78166.68272079006
00498,0,4000,91355,61022,66718,64827,9918,4822,12932,-374,158012.15,-374.95,157887.16,158012.15,-374.95,157637.66,140548.51430662972
00499,0,7484,5038,86673,40686,55020,936,290,5730,-7313,178474.56,-113,89188.78,134442.24,-877.39,133564.85,99229.83268422143
00500,431264.27,423316,28817,280655,46398,758379.5,65353,1423,39944.36,-526958.89,2071820.36,-523208.89,1548611.47,2071820.36,-523208.89,1548611.47,1240166.2749773038
00508,0,0,0,326,0,0,0,0,1443.74,-433.35,1769.74,-633.35,1136.39,1769.74,-633.35,1136.39,1217.560713704813
00516,207000,50500,0,159572.49,0,598831,227471,6428,10350,-21176.67,1269220.4,-21176.67,1248043.8,1270725.47,-161156.24,1108569.28,1108569.28
00517,0,1512,4909,70666,13658,27571.6,0,1206,2212,-35554.73,101271.71,-35554.73,65716.68,101271.41,-35554.773,65716.68,44530.99447515345
00525,100000,17640,36024,65228,63335,187158,186743,375,15108,-352668,665024.14,-355737.92,266032.21,654917.69,-355438.115,299479.575,268197.577832307
00528,49900,551,12312,18752,0,0,6258,2665,9292,-2026.52,107233.74,-2026.52,52254.6,53616.87,-1362.26,52254.61,54560.1451769079
00530,15550,93,190,54138,5935,20276,315,9232,767,-2617.74,106722.38,-2617.74,104104.53,106712.38,-2617.74,104194.63,66237.17054217258
00534,2073718.92,19885,19696,56113,191375,678232.5,150134,11826,96397,-57858.57,3292399.1,-57858.57,3234549.52,3292399.1,-57858.57,3234540.52,2809198.4424132938
00536,4062231.40666667,0,26618,89147.5,486469,2578352.5,600940,300,62191.8,-1403.56,1892073.72,-1403.56,1890559.45,8876194.82,-30468.27,8845726.55,7682513.5108444765
00537,25250,149411,304902,188002.5,103859,52648,45055,3978,12110,-262181.85,884255,-262182,537428.25,551843.87,-13962.8,537881.07,554414.5607918405
00538,0,0,0,2072,0,3425,0,2593,788,-6724,8877,-6929,1948,8877,-6929,1948,1430.3669240207687
00539,15000,1002,92,613,0,8363,0,821,4110,-3310.62,30005.79,-3310.62,26361.19,30005.79,-3644.3,26361.19,13893.361000398414
00544,747814.15,223123,585.75,151278,4100,86911,0,1710,52719,-67731.19,1266749,-67731.19,598411.95,635990.82,-34616.09,601374.73,416661.46750999737
00545,371751.35,25300,112196,447562,25573,72382,0,8971.78,20374,-7263.93,1017322.49,-7262.93,1010058.55,1015274.94,-7263.93,1007984,933796.3780417349
00551,95937,7139,17763,18730,0,0,0,0,0,-3033.2,321327.17,-3033.2,318293.96,321316.34,-3033.2,318283.13,233707.21849373842
00553,0,0,0,117,0,0,0,125,1000,-300,1242,-300,942,1242,-300,942,818.1270002310321
00556,244965.9325,321,57743.1,3484.46,0,1587.75,0,475.06,7628.83,-11028.055,256456.945,-13093.08,243363.86,256456.945,-13093.08,243614.76,180082.9167415139
00559,148000,15423,59034,39826,62272,76218,70075,690,10783,-8470.18,477958.16,-8470.18,469487.88,477958.16,-8470.18,469487.98,307981.6169393843
00561,269976,18686,8517,101782,0,4811,0,6463,7236,-2013.04,417237.87,-2251.41,411218.465,415670.375,-2251.41,413418.965,393354.92013928073
00565,5000,0,0,4698,0,0,0,1265,1460,-1223.41,12425,-1223.41,5286.74,6241.26,-926.02,5315.24,2875.0552726398464
00567,0,0,0,876.35,0,0,0,545,10371.1,-11873,2090,-2249,-159,2090,-2249,-159,-144.01032440976104
00569,23000,103.12,51782.275,45942.02,75773.74,273761.595,26425.835,2529.035,7550,-1721.76,506867.65,-2736.82,504130.835,506867.65,-2736.82,504430.335,370390.383294002
00573,5000,8708,23390,11780,0,0,0,494,3318,-1772,52691,-531.2,52159.8,26345.5,-1550.6,24784.9,25291.60573548634
00574,63000,11056,199,1285,0,73208,0,649,23123,-56369,80765.465,44345.995,47515.67,80761.565,-44345.995,36415.57,17821.519735274935
00579,0,0,0,0,0,0,0,0,0,-423,1847,-423,1451,1874,-423,1451,894.7373830706024
00583,591692.97,174452,87702,237965.5,8312,31598,0,5150,29457,-10548,1166335.96,-10548,1155787.6,1166355.96,-11017.21,1155338.75,1054890.354187338
00584,37500,434376,99063.15,3915530,92387.62,385048.55,19858,1500,101805,-105289.7,5071863.53,-89439.7,4981823.83,5071854.68,-89439.7,4982414.98,3452057.8164476487
00586,2353,0,0,0,0,0,0,0,0,-276,2353,-276,2077,2353,-276,2077,1455.4417445130725
00587,11512.98,1131.91,11755.62,1476.66,23171.825,15485.71,5472,465,4852.125,-4392.03,74790.24,-4624.25,70166.59,38233.86,-2575.45,35658.425,26359.13021201391
00592,8000,0,0,0,0,0,0,41,448,-407,1822.435,-407,1415.435,1822.43,-107,1415.43,1292.5044216032625
00593,106373,0,110,23,0,53177.5,0,1065,3000,-80068.7,162382.05,-80068.7,82313.38,162382.05,-80068.67,82313.38,63446.63868478061
00597,2778828.74,172611,108062,517945,800,26755,0,106,10014,-19788.94,3615121.74,-19788.94,3595332.79,3615121.74,-19788.94,3595332.79,2474872.414019852
00601,8100,21909,667,44693,1160,35833,0,2272,13318,-56164.05,119287.15,-56164.05,63125.1,120087.44,-56164.05,71924.79,55439.178481833085
00605,477318,27034,7870.16,87063,9357,148658,0,459,27783.95,-8867.26,785552.5,-8867.26,387845.42,392776.25,-4930.83,387845.42,288143.4458241853
00607,44734,5858,3600,120977.5,40603,235994,16692,426,12745,-7381.44,481444.36,-7381.44,451163.26,462162.19,-11412,450750.19,277948.34281128657
00609,23373.25,4575,16933.25,43022,0,500,0,1500,3000,-500,92856.92,-500,45950.43,46453.46,-500,45953.46,42206.6201574359
00610,27205,14850,81413,355437,230094,482081,416801,374,14350,-856884.31,1622835.97,-856884.31,765951.65,1622861.01,-856884.31,765976.7,665250.7641378611
00611,0,0,0,0,0,0,0,0,0,0,0,0,0,0,0,0,0
00612,84120,11426,12824,37913,13808,27227,0,450.5,9065.5,-4379.17,195668.32,-3208.67,192459.58,197230.09,-4770.51,192459.58,130414.62979673278
00613,122940,760281,12697,685081,248077,947083.7,581711,26577,26387.11,-208563.59,3419924.09,-208563.59,3211360.5,3419924.09,-208563.59,3211360.5,1922560.462927816
00618,689282.25,41682,19926,143624.85,0,44605.9,0,8319,614.3,-63375.17,726795.92,-1828.68,724667.24,734627.17,-9956.43,724670.74,665584.325149575
00622,444962,47080.67,58686.5,62095,39250,75216.5,13138,0,35425,-8510.34,778454.84,-8510.34,778374.5,778459.84,-8530.94,769928.9,730801.3657214645
00623,17100,14351,21086,30789.5,4157,79723,10290,911,7790,-5697.71,187403.21,-5697.71,89511,93701.6,-4194.97,89506.63,66497.49480517153
00624,0,6605,1478,5361.25,24293,27352,1355,7783,8453,-2854.46,73479.8,-2854.46,70625.37,73479.83,-2854.46,70625,31788.209207725828
00631,56000,35311,349266,109899.5,124047,264174,114965,7825,6000,-882,616474,-757.34,616474,668207.57,-757.34,665450.23,593310.2608317393
00634,0,10965,1108,32184,3692,52366,19656,19,7711,-3242.25,128607.1,-3242.25,125364.85,128607.1,-3242.25,125364.85,72928.63595864899
00635,19000,58014,970,81431.1,3366,31126,0,3377,5732,-1354.23,202992.86,-1354.23,201638.63,202992.86,-1354.23,201638.63,120715.95756282442
00636,0,1000,0,6000,0,1130,0,100,3104,-400,11416.84,-399.65,11017.19,11416.84,-399.65,11017.19,9866.394636490035
00645,14000,0,1203.26,2990,2181.6,2317.69,3502.8,1224.52,4711.09,-2480.75,32110.67,-3865.96,28244.71,32110.67,-3865.96,28244.71,20676.44183266623
00650,61500,0,0,59611.43,0,0,0,13662.79,4000,-64051.52,138948.86,-64051.52,74897.04,138952.23,-63997.71,74954.5,68444.94087949368
00651,224286,15237,0,353415,11463,382724.65,0,8498.24,25164.3,-45094.86,1026264.93,-45094.86,981170.06,1026264.93,-45094.87,981170.06,852146.1973506388
00655,14500,0,0,104,0,4750,0,548,5509,-15906.88,25411,-15416.88,4507.45,12705.89,-8198.44,4507,2865.127767463369
00658,366692.307692308,5889.20512820513,1126.05128205128,12984.6666666667,2371.74358974359,6359.64102564103,0,13100.8461538462,54745,-437.01,496535.01,-437.01,496098,496535.01,-437.01,496098,462893.331619854
00662,42000,561.75,4900,33832.25,3057,38513.1,0,1018,11500,-28918.3,100404,-3918.3,92978.5,116553.93,-19686.3,96867.65,65639.54215232872
00665,25640,5032,0,32931,0,10447,0,240,3150,-6413.69,77671.59,-6413.69,71257.9,72471.58,-6415.69,66057.9,40733.613078662675
00666,0,0,0,3627.15,0,118.9,0,666,4045.09,-1815.66,8457.79,-1815.66,6642.13,8457.79,-1815.66,6642.13,4222.443110295422
00668,0,403,9395,3586,11649,645,0,183,1400,-322,26533.13,-466.32,26066.81,26532.46,-466.32,26066.14,25373.730793303137
00671,18500,111,0,6739,90,8935,322,330,3610,-19559,38636,-21205,17431,38635,-20205,18430,16827.644037450176
00673,360215,147019,71940,129748,19325,507639.5,8650,35,16285,-184410,1346568,-187690,1158977,346668,-187690,158978,77802.69715603898
00674,18010,0,179186,0,170878,10775,7000,3100,9428,-3434.25,398382.82,-3434.25,394948.57,398382.82,-3434.25,394948.57,412374.16787939233
00676,86000,165228,1742,39296,67612,312097,88077,310,5233,-14505.21,781625.61,-14505.11,767120.4,680372.91,-8078.76,672194.15,402425.6685605275
00678,40252,0,0,21233,0,104991.71,0,0,82,-46076.27,166565.01,-46076.27,120407.74,166565.21,-46076.27,120488.94,109129.88262382537
00680,162968,2235,19161,180855.5,8531,458414,894,8100,8035,-32327.08,819066.39,-32327.08,786739.31,819606.39,-32327.08,787279.31,724851.1407143004
00683,166568.58,2523.75,66222.68,3098,0,40,0,3249.42,0,-5506.82,242274.43,-6029.36,236245.07,242274.43,-6029.36,236245.07,173468.754666823
00684,25524,148610,0,31025,0,99332,2000,2258,11869,-1524,320618.47,-2159.96,318458.51,306895.97,-2159.96,319236.01,285890.36377138627
00686,80236,0,0,3232,0,316,0,1236,5745,-106128,100815.75,-106128.57,-5312.82000000001,100815.75,-106128.57,-5312.82,-5051.104730040974
00689,0,0,0,0,0,0,0,0,4134.68,-4743.08,4134.68,-4743.08,-608.38,4134.7,-4743.08,-608.38,-468.93550060803256
00690,31617,42910,12672,3380,5723,124478,9962,368,20803,-35825,257411,-36453,220959,259241,-36452,222789,133378.1501563668
00691,0,0,0,0,0,0,0,0,5456.82,-13507,5456.82,-13507,-8049.8,5456.82,-13506.58,-8049.76,-8129.321577144653
00696,32500,44258,6973,303106,22036.62,358827,2238.2,1835,12487,-10053.14,784267.95,-10053,769814.81,784267.95,-10053,786814.81,385061.54549885116
00701,19000,0,6970,4294,4909,3956,7825,701,2983,-1671.63,50576.98,-1671.63,48605.34,50276.98,-1671.63,48605.34,43336.14394154672
00708,6900,0,0,614,0,3683,0,0,700.88,-3370.34,12001.38,-3370.34,4363.52,6000.69,-1738.47,4262.22,2795.993641539879
00711,0,3650,3744,747,0,0,0,980,918,-759.95,10104.65,-759.95,9344.7,10104.65,-759.95,9344.7,9646.822709343309
00727,0,3369,157,8068,78377,35969,0,725,7406,-170467.27,135575.17,-170467.27,-34892.1,135575.17,-170467.27,-34892.1,-20889.019444725574
00731,14214,2100,0,9496,0,1209,0,815,2201,-10201.33,10081.48,-391.41,9690.07,10081.48,-391.41,9690.07,8415.825797376558
00732,0,0,7774,20428,2951,9507,0,867,5277,-867.54,68786.96,-867.54,67919.42,68786.96,-867.54,67919.42,58988.01628665771
00750,0,35872,30,44540,66,18160,0,1178,3402.84,-11528.67,103278.45,-11528.67,91749.7,103278.42,-11528.67,91749.76,68163.99175095446
00763,96631,3139,57577,82136,109166,528498,89568,64980,28476,-29022.75,168391.26,-8412.3,159979.01,189001.57,-29022.55,159979.01,138941.77022423598
00765,0,21484,34113.775,3000,420,785,308.25,140,7916.72,-4927.995,68167.745,-4307.995,31309.875,34083.873,-2773.998,31309.875,27511.76289543878
00766,0,59124,12954,63495,25620,17815,0,272,45185,-29872.81,225543,-29872.81,195770.4,225893,-29873,196020,95930.78725689568
00768,1010003,756859,258862,1872573,111537,562942,27000,69786,75204,-88205,4772284.84,-88271.4,4684013.44,4771980.84,-88271.4,4683713.44,4257698.478881855
00769,214855,144897,11400,1851687.8,300,1149868.5,28100,730,121603.43,-504917.54,3531841.73,305120.22,3226721.5,3532241.73,-305120.22,3227121.51,2051501.097687889
00775,7476,2268.5,0,30426.84,0,1111,830,3843,29,-2975.4,45985.79,-2975.4,43010.39,45985.79,-1612.08,44373.1,32163.27598975893
00776,51162,3748,2427,53229,23300,5466,173299,815,6636,-156592.15,319781.89,-156592.15,163189.44,319781,-156592.15,163189.74,158854.84122271778
00778,22830,0,9095.15,13742,2354,4784,1393,1000,470,-1730,50714.27,-1730,48962.47,50692.47,-1780,48962.47,52459.78926068558
00780,61921,7350,54,169600,671,0,175,2759,8024.16,-21446.8,250555.83,-21446.8,113001.14,125282.64,-12276.77,113005.87,59558.43949567686
00781,0,0,0,659,0,0,0,213,1078,-16857,1951.65,-16857,-14905.35,1951.65,-16857,-14905.35,-15387.2536165645
00782,29364,500293,0,239735.9,70,7136255,0,6200,147735,-95026.22,7548063.26,-95026.22,3723347.63,3774032,-50684,3723348,2013988.3240028722
00784,17140,18524,36105,117458,7827,8827,4279,1278,10202,-3829,225221.125,-4324.875,220896.25,225221.125,-1840.575,223380.55,212539.4474970895
00791,89540,0,39900,1042,0,1440,0,1704,4842,-825,138459.12,-533.255,68142.645,69233.96,-1091.92,68142.04,58197.81859991738
00796,15000,1221,69,834,112,19310,0,3670,0,-6995.71,38390.11,-6995.71,15697.16,19195.05,-3907.09,15287.96,7855.909296363533
00797,220352,430414,121841,308163,33950,1567556,55657,1200,12983,-76925.5,2611639.52,-76925.5,2534704.48,2625429.19,-90155.08,2535274.1,1563338.741282341
00802,0,4058,2769,43907,11937,22433,9255,1710,5969,-2036.35,102094.76,-2036.35,100058.41,102094.75,-2056.55,100058.41,61699.517517302134
00808,0,5717.5,71039.42,47160.82,0,62369.615,0,3564.28,4570.445,-95345.255,39434.045,-18025.27,21408.775,39434.045,-18025.27,21408.775,16723.800192236242
00809,0,21736.5,2416.3,18136,644,33.65,1,1591.8,6426,-1736,50985,-2281,45705,50985.07,-2280.07,48705,23835.878957999714
00810,4500,0,54880,12852,64302,114416,53305,2240,11653,-188026.05,158240.87,-94013.025,64227.84,159606.03,-94468.67,63137.36,60073.178308607625
00815,69956,0,3,6051,2262,58924.8,6474,1020,23872,-28099.5,168520.69,-28099.5,140421.18,168520.69,-28099.5,140421.18,95152.32344017574
00818,231268.16,5628,61058.86,236817.17,27935.625,32984.375,8329.5,4990.15,10127.5,-89065.415,456496.815,-88867.865,367628.95,456496.815,-88867.865,367628.95,332001.39704669337
00824,257000,0,81185,166184,17716,47190,0,1531,29029,-3790,599834,-13603,586231,599747,-13603,526144,478287.69568635576
00825,312655,0,203378,49489,4965,66499.25,0,1832,24637,-4133.74,636466.83,-4133.74,63233.09,663491.32,-4133.74,659357.58,563135.075400157
00828,39300,901,109549.52,51908,13342,37747,13409,0,10301,-1303.87,277130.31,-1303.87,275826.44,277471.05,-1311.27,276159.77,257675.93498597582
00835,37502.08,14236,76,69074,0,88250,0,5091.78,8783.25,-34450.62,214511.7,-34450.6,86544.37,107255.85,-20711.47,86544.38,38953.498862908644
00838,95594.75,14753,84990,189296.7,18905,16381,5980,0,5647,-2542.46,445563.7,-2542.46,443900.33,445563.7,-1663.37,443900.33,346759.7012994779
00847,0,4016,0,8479,0,13468,1374,25,1449,-3842.82,28816.19,-3842.82,24973.37,28816.19,-3624.07,25192.12,19417.9286024107
00849,377863.06,15490,0,19070,0,10985,0,20750,9232,-11454.61,453392.06,-11454.61,219929.79,226696.03,-6766.3,219929.72,131666.37140077702
00851,89950,16417,0,3291,0,64713,0,3173,8256,-2581.16,105802.8,-2581.16,103221.64,105802.8,-2581.16,103221.65,93490.4610227095
00857,731250,0,5532,9249.1,3528,33266.3,3003,2066,78214.4,-209056.36,840801.3,-114700.37,726100.92,840801.3,-114700.37,726100.92,638019.6774723618
00858,1108853.57,380623,65234,295586,140061,234932,70045,0,37479,0,2342264.29,0,2394666.89,2421562.52,-26895.63,2394666.89,1659140.9163218439
00862,123989,409,19970,14986,18347,43403,16316,2014,3754,-1896.75,244163.65,-1896.75,242371.93,244153.58,-1896.75,242256.87,224426.76447416568
00864,31000,45475,4628,139332,34,31571,1050,0,20000,-17559.36,273101.15,-17559.36,255541.79,277056.14,-17413.25,259640.89,133419.71600312283
00869,98460,19783.13,33016.295,53869.35,6970.6,24630.5,9660.54,550,5484.13,-4369,252424.545,-2465.53,248055.545,252299.54,-4369,247930.54,148429.7554747726
00870,3000,2445,15806,3650,64303,8580,2543,816,6919,-1487.99,124837.13,-1487.99,59367.64,62468.56,-3100.92,59367.64,53770.77418768494
00871,267479,0,0,20166,0,2312,0,5179,41936,-93931.12,262430.4,-36467.21,225963.19,261430,-36467.21,224962.79,203754.49288066005
00878,514150,33462.58,0,11700,0,2400,0,979,7975.96,-1465.32,571485.46,-1465.32,570020.14,571485.46,-1465.32,570020.14,588449.4131791339
00880,145172,0,1082,10335,49865,247113.75,41106,28,29128,-6061.66,520831.1,-6061.66,648043.57,667882.22,-17197.81,650684.41,594112.0798805364
00888,32000,12985,6543.4,134815,9755,71615.2,714,14010,6505,-6698.75,284558.33,-5948.75,278609.58,292588,-5948,286640,188034.31491367493
00889,0,22456,7572,216713.1,14406,94026,0,650,5520,-3982.97,370399.09,-3982.97,366416.12,370399.09,-3982.97,366416.12,318232.4003098661
00892,24000,11125,6968,37431,6621,27382,847,100,15828,-5436.42,131550,-5436.42,59820.95,65775,-2718.21,59820.95,31527.941257820596
00893,32054,2000,11427,21294,112928,7762,0,1364,5057,-2540,193891.48,-4301.48,189590,193891.48,-4301.48,189500,171135.2295306134
00894,26847,0,31227,6424,22331,4581,2760,220,3152,-552.97,100239.22,-552.97,99463.14,100239.72,-776.07,99463.64,99463.64
00895,28802,38437,40504,1885,11454,4520,5909,4682,2694,-2642.76,138591.63,-2642.76,135948.86,138591.63,-2605.71,135985.92,116140.98879785341
00901,422711,115516.5,340296,265512.5,224085,324345,240376,942.5,58948.5,0,2002279.14,0,2002279.14,2002254.14,0,2002254.14,1843483.2199247435
00903,30150,11807,15327,10469,0,0,0,3837,2448,-816.58,74001.95,-816.58,73785.37,74001.95,-816.58,73785.37,57638.59842472173
00906,127965,1141,762,12849,0,71015.35,0,0,12018,-96374.38,251803.2,-96374.38,155428.82,251832.53,-95474.71,156357.81,133539.93310238948
00917,240000,30150,41110.725,133119.7,72895.015,64083.65,1484.5,2000,12851.75,-1398.04,188847.0325,-579.045,187738.51,188847.03,-1108.52,187738.57,173921.01133027382
00920,492328.93,32276.87,40.2,163987.41,1350.58,21054,250,220.1,25180,-197886.71,314885.43,-172886.71,141998.72,314885.43,-172886.71,141998.72,72967.81679960717
00925,21000,5568,10483,223409,17152,143586,12307,688,37120,-10745.93,444538.43,-10745.93,215911.25,222269.21,-6357.96,215911.25,160407.75135566804
00930,37000,0,108600,4824,437245,12843,3887,143,30000,-8933.13,584511.39,-8933.13,575578,585511.39,-8933.13,575578.26,491581.98324464733
00931,0,0,0,0,0,0,0,0,1900,-150,1900,-150,1750,1900,-150,1750,1738.58956775
00939,210766,0,0,147730,0,123586,0,744,19509,-947,502338.29,-947.375,501390.915,501505.93,-947.375,500558.555,362823.4888592396
00940,5,21383,2616,19837,2647,25285.3,1305,507,8099,-2723.31,80113.66,-18043.65,62070.01,80113.66,-18043.65,62070.01,37159.74807547585
00941,168394,1957,16614,330820.05,0,3487,0,23119.5,8090,-110419.16,277785.29,-1220.31,276434.98,277785.29,-1220.31,276434.98,263019.04045839707
00947,0,0,0,1690,0,0,0,659,5768,-1373.57,6898.08,-1373.57,2762.25,4853.85,-974.79,3879.06,2867.4471079475516
00949,15000,0,285,909,4290,45029.78,26756,7362,183,-14179.64,99223.44,-14179.64,41663.94,49612.22,-7947.78,41664.44,32114.689879603764
00950,0,0,7050,105880.27,4274,1384.5,13350,0,0,-11204.785,157675.065,-3530.915,154144.15,157675.065,-3530.915,154144.15,113184.13433844762
00951,87531,221,1361,14630,1113,54022,0,310,10460,-19133,131852.91,-20163.35,72658.31,131858.11,-94189.65,37668.46,34597.14204622607
00953,0,1929.88,31780,3794,33271,7802,15465,1441,9138,-1431,104639,-2474,102165,104639,-2249,102390,79983.55355143246
00957,809301,1125,79137,24275,61773,215798,69166,2218,27817,-237751.91,1290523.39,-237751.91,1052771.48,1290523.39,-237751.91,1052771.48,942804.7336681745
00967,18000,11478,8188.75,50980,5235,52551.75,6565,0,8538,-13192.85,166302.47,-13192.85,153109.62,162964.92,-13192.85,159772.62,118700.46905583712
00968,100,0,9022,598,0,1225,0,203,4163,-6820.43,15312.43,-6820.43,8491.99,15312.43,-4411.66,10900.76,7503.614210870044
00971,770144.62,0,91646,451868,87066,209937,41497,5141,33832,-25978.12,1699131.2,-25978.12,1673153.14,1699131.26,-25978.12,1670344.72,1659453.6598504542
00973,262150.23,12165,26124,169806.1,67638.33,0,0,21627.03,30911.41,-1212.06,520244.07,-4011.31,485539.925,520244.07,-4011.31,516232.76,440896.9928375301
00975,401104.77,22189,27846,321770,48887,72113,25499,0,4553,-7101.89,1254632.6,-4758.24,1249874.36,1254632.6,-4758.24,1249874.36,846940.9626261698
00976,523339,0,196096,234570,75648,55283,860,8624,27530,-26549.22,747561.07,-27988.35,719572.72,747561.07,-27988.35,719572.72,644410.0923350278
00978,295413,6626,15977,74580,15557,198628,0,4630,21728,-241149.62,464133.4,-39639.74,424493.66,464133.4,-39639.74,424493.66,372999.5384694766
00979,0,0,0,0,0,0,0,0,2592.55,0,2592.55,-1277.13,1315.42,2592.55,-1277.13,1315.42,675.9450058300076
00981,0,0,0,478,0,0,0,7579,5365,-6747.44,13423.62,-6747.44,6676.18,73423.62,-6747.44,6676.18,4379.538558960293
00983,0,0,0,0,0,0,0,0,1612,-446,1612,-446,1166,1612,-446,1166,678.2984960133997
00986,4000,0,0,0,0,0,0,0,0,0,4000,0,4000,4000,0,4000,3474.000000981028
00992,231758,28001.25,464,54683.58,1545,11322.5,0,740.99,18629.45,-44000.765,221541.37,-21127.06,193870.24,221541.37,-21127.06,193870.24,87260.71147995774
00993,184584,8655,36075.22,15833.12,6887.35,10883.32,4392,1628.69,13750.97,-13506.51,255405.88,-7590.275,247924.405,255514.68,-7590.275,247924.405,181492.19938462405
00998,185145,14103,0,8150.84,1200,1656,0,564,1301,-10266,217140,-9174.64,129308,135712,-5734.15,129308,122938.1478070287
01003,14018,9063,431,11323,0,1339,0,600,4089,-890,12556,-263,5404,6351,-874,5477,3711.3295549990576
01007,0,7960,0,975,0,0,0,106,549,-441.55,9592.83,-441.55,4275.65,9592.83,-441.55,4275.54,2804.731490666698
01015,1002065,4500,17610,700,0,168882,2527,0,20085,0,872562.99,-1061.52,841500.44,872562.99,-1061.52,841500.44,785177.4089618847
01016,417396,0,0,2123,0,5950,0,895,33644,-61758.78,460009.47,-61758.78,398250.69,460009.37,-61758.78,398250.69,362027.1348254493
01018,0,219,102,296,0,0,0,900,2159.72,-577.63,3679.54,-577.63,3101.91,3679.54,-577.63,3101.91,3238.7699367711743
01020,0,0,0,2130,0,3422,85,3400,11032,-714,20070.01,-393.59,9323.305,10035.005,-711.7,9323.305,6926.597804667689
01022,62604,104,57268,526452,227590,305305,9415,2440,29831,-320554.86,722900.98,-6389.98,716511,722900.98,-6389.98,716511,665123.7748697738
01032,50,26373,23057,21543,251,175,0,5704,3160,-3317.78,415933.7,-29140.37,396793.27,415933.7,-29140.37,396793.27,338887.7519535377
01036,0,3970,0,0,0,0,0,0,0,0,3970,0,3970,3970,0,3970,2448.040944721083
01046,43635.29,0,0,0,0,0,0,0,5000,-43070.16,48635.29,-43070.16,1882.56,48635.29,-43070.16,1882.56,1018.2915642681928
01050,0,0,0,0,0,0,0,0,3603,-9934.4,3603,-9934.4,-6331.2,3603.2,-9934.37,-6331.17,-4024.763915582662
01055,12000,0,2777,59818.86,0,1256,0,8740,6846,-4280.95,91449,-4280.95,87168.04,91444.83,-4280.95,87163.87,79593.96605911414
01060,31444,0,5774,114703,4659,93513,3287,2128,6279,-3777.03,263700,-3777.03,129173.5,133050.21,-2676.73,130373.5,118082.57880148415
01062,329632.75,11230,167981.25,630712.69,0,693352,0,5308.27,74778.93,-917555.53,1780133.64,-920636.59,859497.05,1820133.64,-920636.59,899497.05,474069.5384139322
01065,538914,13529,0,199255.51,0,50452,0,1168.75,14527.41,-6414.47,803982.21,-6414.47,843083.59,849498.06,-6414.47,843083.59,820688.297113096
01066,206280,42942,92307,124666,26747,79370,33615,19065,20325,-3131,304420.1725,-1541.2175,302141.355,304420.17,-2278.815,302141.355,262383.52848407347
01067,171184,484821,128100,435359,97540,2227294,3622,12016,57644,-553864.78,3886829.8,-553864.78,1665482.51,1958020,-284512,1673508,1063859.3831533366
01068,428000,323269,307537,276133,283049,279452,12000,7514,36029,0,1927600.96,0,1927601.96,1927398.96,0,1927298.96,1759734.1754003214
01069,0,4414,1047,2882,0,806,2175,406,668,-2072.39,12403.95,-2072.39,10331.56,12540.75,-2072.39,10468.36,5517.228314590771
01070,149150,1555,5145,50223,2362,54373,0,100,33103,-70754.81,269133,-70754.81,198378.58,267148.39,-70732.2,196416.19,133095.71134331028
01074,455734.17,2001,97926,94112,0,5235,0,0,6582,-4380.42,690356.83,-4380.42,685976.4,690356.83,-9378.42,685978.4,497222.7002894377
01075,58000,19110,16238,27646.6,8718,69544,1700,5000,16775,-15243.58,222692.22,-15243.58,102624.57,111346.11,-8721.54,102624.57,46191.168863899526
01079,0,5062,0,33041,0,44497,0,612,630,-142655.82,83850.51,-142655.82,-58806,83850.31,-142655.82,-58805.51,-39847.84138393147
01080,42194,0,0,0,0,25,0,4204,2059,-29616.88,48484.16,-29616.88,18867.28,48484.16,-29616.88,18867.28,17892.80703241858
01081,79736,7669,87229,47130,11326,22297,7387,0,6870,-57710.47,169223.77,-13265.88,155957.88,169223.77,-13265.88,155957.88,144479.38010034637
01083,0,0,0,0,0,0,0,0,0,0,0,0,0,0,0,0,0
01085,0,0,0,2965,0,28320,1887,1703,3241,-616.87,37816.53,-616.87,17068.73,18908.26,-1839.53,17068.73,8353.314490232593
01087,28057,0,5000,1827,0,70838,0,32,9133,-16038.75,114889.01,-13442.845,101446.165,57444.505,-10100.76,47343.745,43948.31396987901
01091,129127,14179,1649,51320,0,7448,0,882,57151,-25805,261951,-27395,234556,261951,-27395,234556,120529.53179612223
01092,111010,45784,311214,34009,26787,49215,102,2041,13305,-6036.13,593477.22,-6036.13,587441.08,593586.26,-6016.13,587570.13,593377.5088815925
01093,0,15187,69221,119112,152893,52918,13367,1180,14607,-3903.55,438713.18,-3903.55,434809.63,458713.18,-3903.55,454809.63,432736.81382087973
01094,142019,0,35107,16658,0,218386,36459,2414,15013,-75376,423750.67,-62958.7,360791.97,423750.67,-62958.7,360791.97,328836.0018062353
01095,425256.93,75255,0,590163.04,3927.47,664167.2,34465.6,400,29961.61,-24947.09,1823596.85,-24947.09,1798649.76,1823596.85,-24947.09,1798649.76,1635050.5737159727
01101,21794,4006.68,4632,46151.5,15468,22127.5,1032,393,9946,-1250.95,116011.1,-1250.95,113903,116011.1,-2108.1,113902,78916.80861336445
01103,0,0,1291,11155,3661,4857,2358,696,2091,-888.25,26117.21,-888.25,11915.87,13081.1,-1143.73,11938.37,11325.477165741615
01106,0,2049,0,2405,0,15714,0,597,230,-14900,20998.13,-14900,6098.48,20496.12,-7905,12591.12,6636.004472181904
01107,162775,80833,61027.68,42694.59,2491,82705,27460,29114.86,0,-6049.98,505019.65,-6050,498960.65,499270.21,-342291.97,156978.24,115265.13464424742
01110,23675.75,0,0,0,0,41120,0,0,0,-72613,64795.8,-72613,-7817.3,64795.75,-72613,-7817.25,-7241.9004034258005
01118,153303.51,0,299630,38433.4,0,0,0,0,850,0,602945.26,-17734.11,583211.25,602945.26,-17734.11,583211.25,506518.9707680366
01120,3409,850,7527,8750,584,2705,0,850,1050,-700,25727.77,-700,25027.8,25727.77,-700,25027.77,18593.974640723205
01121,2383,53324,134259,45986,32008,908,36416,3178,6714,-974.66,318134.85,-974.66,317159.39,318134.05,-974.66,317159.39,300778.4780736591
01123,0,0,9461,0,0,0,0,1646,4133.5,-8023.86,15241.59,-8023.86,3608.86,8135.39,-4304.93,3830.46,2636.7238697273647
01124,136980.56,59985,12571,57077.45,288,150139.58,175,424,8458,-1242.12,426110.77,-1242.12,211688.53,213707.83,-1374.3,212333.55,130932.29832190965
01125,0,0,0,0,0,0,0,0,0,-8235.33,9153.95,-8235.33,918.62,9153.95,-8235.33,918.62,682.4737863321037
01130,0,21639,6952,58472,61344,75697,572,9559,17448,-4466.19,255654.03,-4466.19,251187.84,255654.03,-4466.19,251187.84,122929.5339279622
01135,1262437.01,82941.01,587706.87,383927.5,18000,268624.85,118019,2325.92,130374.86,-619075.73,3136813.9,-619075.7,2517738.19,3136813.92,-619075.73,2517738.19,2595128.9060938577
01137,227180,8651,110708,125728,0,57596,0,225,13476,-6250.69,482304.85,-6250.69,235383.56,238853.49,-3469.93,235383.56,237710.02529430974
01138,318552.28,11757,511,63136,6369,174655,109479,3518,8563,-223546.35,658313.97,-184903.35,472521.08,721971.3,-224456.2,497515.1,383481.52876459854
01142,25300,429,29166,209186,18637,11711,308,0,11427,-309036.99,299579.93,-309036.99,-9457.06,149789.965,-154518.495,-4728.53,-4499.045031778339
01143,108608,0,6030,62601,26362,0,61654,497,8076,-1685.33,275920.01,-1685.33,135972.63,137952.96,-1981.95,135971.01,132359.13731122174
01148,497152,11003,143154,198358,0,145724,0,17285,28227,-2761,936347.255,-3789.985,932557.27,936372.255,-3789.985,932582.27,844663.3662986878
01154,178280,40106,0,15469,0,9771,0,1713,17866,-4433.13,267798.44,-4433.13,263365.39,267798.44,-7433.13,260365.39,155874.1862611754
01158,461174,12310.75,7297,33468,9054,58395,5081,6228,35809,-4160.71,502194.2,-4160.71,339754.25,341157.37,-7580.21,340577.09,246862.96295410887
01168,104650,95000,133490,40937,115272,182960,10525,4161,11943,-882.67,692755.89,-882.67,691873.16,692755.84,-882.67,691873.16,631719.7642726973
01170,18000,0,10,1357,1045,11850,10915,0,2008,-27236.98,45189,-27236.98,7708.75,26098.03,-14389.68,11708.35,7219.778386681384
01173,54800,3947,18040,12520,747,7244,0,2801,7878,-975,88860.12,-975,87885.12,80868.12,-975.5,79892.62,74545.27340089857
01174,265110,0,0,31535.66,0,16191.9,0,350,11834.5,-226708.13,269122.14,-185681.57,83440.57,269122.14,-185681.57,83440.57,76637.19867252524
01177,16466,11005,19,49000,577,58904.8,2787,2570,8729,-8623.08,150267.52,-8623.08,141644.44,150331.52,-8623.08,141708.44,84837.26570317429
01189,4380.53,0,0,0,0,0,0,0,0,-520.23,4380.53,-520.23,3860.18,4380.53,-520.23,3860.3,2867.9470917003987
01191,12200,915,6462,7856,2487,13829,0,430,2067,-29504,20722.54,-594,20128.53,20722.54,-594,20128.53,18647.070200821046
01199,11688,19737,3791,77706,766,78249,7256,1414,777,-21529.72,223239.89,-21529.72,201710.17,223269.39,-21529.72,201740.17,120776.74699752218
01202,332464,857,7426,9885,0,7136,0,1721,30165,-337143.62,389660.48,-337143.62,52516.85,389660.48,-337143.62,52516.85,53035.91186180322
01203,1632056.6,53987,15102,6640,0,343068.4,0,36341,38254,-21784.73,2125454.42,-21784.73,2103669.7,2125510.43,-21784.73,2103725.7,1337351.4351445115
01206,534634,65845,19054,169952,5712,30816,0,5151,31327,-3970.36,863310.89,-3970.36,859340.53,863310.89,-3970.36,859340.53,815223.6486313706
01216,1335093.5,77878,20530,162304,10240,3588680,15926,8375,63963,-1566452.02,5285740.9,-1566452.02,3673845.88,5285740.9,-1566452.02,3735174.77,2374473.696440116
01220,39680,172467,64229,162246,39449,44384,170,348,9280,-8122.07,532699.88,-8122.07,523290.93,528759.94,-9408.95,519350.99,415909.08704432816
01228,52602.41,177.6,0,15680.81,0,6112.35,0,2607.6,24574.94,-107549.7,17519.5,21825.43,4305.93,17559.35,-19324.35,-1765,-1679.3410385656362
01229,0,8602,10229,12665,8320,1,2037,717,1266,-13173.1,43843.44,-13173.1,30670.34,43841.44,-13173.1,30668.34,32858.93569860863
01233,229017,12424,159024,204788,50295,162678,29167,6533,15420,-5119.34,869136.91,-5119.34,864017.56,868176.91,-5119.34,863057.57,818481.6549008702
01238,0,0,1197,2510,1760,3110,0,598,2487,-1903.5,11777.11,-1903.5,4436.6,5888.56,-1451.95,4436.6,3955.638129700691
01242,0,0,310,3024,4606,0,0,521,1369,-732,9887.23,-732,9154.86,9887.23,-732.37,9154.86,8481.06230801199
01246,264426,34613,36212,68956,27401,93161,798,1123,26938,-283078.94,553637,-283078.94,270558.13,553637.07,-283078.94,270558.13,244337.87693363344
01252,522201,37851,38137,277662,5053,72980,0,6720,16000,-66603.11,591020.52,-1448.53,589971.99,591020.52,-1448.53,589971.99,559683.9686801581
01253,0,0,11574,17280,19298,31670,920,628,5669,-2194.39,94738.4,-2194.39,92544.01,95934.59,-2194.39,93740.2,81405.22318370732
01256,22000,39884,2007,9920,0,78814,0,1330,6278,1344.82,142011.36,-1420.89,140590.47,142011.36,-1420.89,140590.47,81785.85279143824
01257,99715,101174.01,112177.55,70025.76,28934.825,54043.5,315,4447.45,43025.6,-540.04,541202.35,-1128.58,540073.76,541600.44,-1128.585,540471.855,396854.756034984
01259,183470,880,27578,38497,2400,17150,22713,706,18746,-8557.27,312145.5,-8557.27,303587.73,312145,-8557.27,303587.73,288159.5010919569
01260,161029,5798,42597,234,28393,200,20748,2574,11614,-9177,249155.69,-8790.56,240365.13,249140.585,-8790.56,240349.575,205274.46736870866
01263,103292,138598,0,64732,0,234361,0,0,3695,-9277.55,508118.41,-9277.55,498880.86,508118.41,-9277.55,490840.86,293854.0319672884
01266,26000,10604,52189,84853,38118,25496,0,5666,7504,-532.43,252438.85,-532.43,251906.42,252480.85,-532.43,251948.42,257099.2864332203
01268,0,0,7728,615,0,0,0,400,321,-3104.32,11115.87,-3104.32,3465.77,5557.93,-1992.11,3565.77,3327.107053626757
01271,64000,94318,8352,95785,13866,111387,10528,1048,11016,-10314.42,407821.29,-10314.42,197995.34,203910.65,-5915.3,197995.34,118534.81181198757
01272,71374,33142,7795,127333,31458,136869,80044,565,5182,-34327.71,487474.04,-34327.71,453146.33,487336.04,-34327.71,453008.33,306967.9028281479
01273,15000,0,2,37604,667,97395,0,12808,5135,-30288.01,175815.11,-30288.01,145527.1,175815.11,-30288.01,145527.1,108116.99173861956
01274,270280,0,57368,11947,19950,1600,0,1767,6080,-29709.98,369035.27,-29709.98,339315.29,369825.29,-29709.98,339315.31,322847.6629442611
01277,258154,0,0,93568,0,27140,0,4730,14074,-6190.57,397335.46,-6190.57,192227.15,199409.32,-6460.57,192948.75,183143.15778281528
01279,563545.81,72549.5,156086.94,187174.24,426374.625,124690,80950.24,5748.66,49713.96,-230187.44,854700.38,-8869.77,313367.62,1102838.92,-7278.385,1095560.535,1117958.3177893993
01280,560000,65118,285298,132295,460713,207049,79276,14443,58538,-19564,163059.81,-8718.76,154341.05,447470.775,-10536.35,436932.425,445865.1286125808
01281,220888,866,33010,107737,7115,4240,0,288,14296,-12252,348427.485,-12270.515,336756.97,174973.505,-7184.085,167789.42,179774.37848565777
01282,0,0,0,4593,0,0,0,0,0,0,4593,0,4593,4593,0,4593,2671.8910839687105
01283,34312,28800,130,17340,0,4362,0,178,9435,-37933.88,86386.81,-37933.88,48452.93,86356.81,-37933.88,48452.93,24898.143597733768
01288,0,997,7593,22980,0,3305,0,200,1983,-473.885,37059.49,-473.85,17302.82,19029.74,-1026.42,18002.82,12199.08671523245
01291,0,0,0,1400,0,2720,0,430,100,-894,4650,-894,3756,4650,-894,3756,1838.159559927049
01292,0,0,0,0,0,0,0,0,0,-2002.69,4565.08,-2002.69,2562.39,4565.08,-2002.69,2562.39,1903.6859695625167
01303,0,0,0,0,0,0,0,0,0,0,0,0,0,0,0,0,0
01305,30000,13988,0,20093,0,178098,0,100,4948,-20236.3,247651.88,-20236.3,113692.67,133825.94,-10608.27,123217.67,55460.0930555543
01311,303555,867,10036,12022,236,8770,0,1334,18642.58,-159700.64,352045.67,-159700.64,170645.03,352845.667,-159700.64,193148.03,141823.69278838355
01313,481457,0,0,54569,0,280192,0,0,12111,-44376.71,599935,-44376.71,555558.9,599935.61,-44376.71,555558.9,580070.8155380599
01314,60000,659,5851,643601,206,173757,10,100,21861,-430808.78,894195.98,-430808.78,457523.92,998270.02,-440408.18,557861.84,343997.13496661
01316,84846,159586,143749,168194,0,34675,0,545,17435,-980.18,539754.3,-980.18,538774.18,539754.3,-980.18,538774.18,395608.1964006222
01318,334913,107,4595,235227,923,45334,246,563,11331,-203873.95,355071.06,-3381.72,351689.33,355071.06,-3381.72,351689.33,358879.312635409
01320,528439,38964,20813,25564,18793,1083719,160312,5670,25657,-94213.21,1907962.58,-94213.21,1813749.37,1907962.38,-94663.21,1813299.37,1347161.2733303593
01322,0,0,0,2050,0,0,0,0,1445,-56176.6,3495,-57176.6,-53681.6,1445.62,-56176.6,-54730.98,-42186.29722388675
01324,32500,0,0,0,0,0,0,0,0,-122805.94,97133.04,-122805.94,-25672.9,97133.04,-122805.94,-25672.9,-15830.808657362695
01330,32387,44867,186078.25,50288,98524,518313.77,166560,0,21396,-11465.59,1102875.93,-11465.59,1089941.13,1103795.74,-11931.03,1091864.71,673281.9939989953
01331,25500,0,5112,40000,0,420,0,4723,13489,-9120.85,89246.49,-9120.85,80125.64,89246.49,-9120.85,80125.64,74762.69698279985
01334,0,0,0,3342,0,3135,0,271,3155,-5471.67,10596.45,-5471.67,4766.43,10708.95,-5830.02,4878.93,4642.145820560362
01339,1242441.15,26287,66656,52449,18325,97607,5,4215,39269,-24413.13,1539805.26,-24413.13,1515392.13,1539800.28,-24413.13,1515387.13,1368528.3605292214
01340,0,0,44,50881,0,5881,0,492,3817,-4283.93,61148.85,-4283.93,27389.84,30472.99,-3083.15,27389.84,20348.836127767918
01342,205100,75684,103864,51081,23013,80565,12488,1071,11096,-2329.95,572994.65,-2329.95,570665.51,540763.4,-2329.14,568434.26,539251.9440974967
01353,746816,17899,165967,1115637,276164,635795.22,262444,11918,428555,-36071.67,3675926.21,-36071.67,3639854.54,3645494.95,-36070.67,3639423.28,2664227.168675881
01357,251484,2760,5558,17753,0,100,0,2959,13202,-34185.02,293906.3,-34185.02,25921.28,293906.3,-34185.02,283661.52,207653.43026873664
01358,44589.6,0,0,4506,0,47541.6,0,0,10095.55,-18706.21,115474.75,-18706.21,96768.54,95075.39,-3135.47,92730.02,95728.06647338698
01360,751972,85930,389188,236910,37725,26945,1200,2291,19550,-195600,1551725.53,-195600,1348388.34,1551725.53,-195600,1541523.66,1396196.9959869317
01365,456201,0,1000,2539,0,324427,0,10468,66055,-3044.67,382886.13,-2564.45,380321.68,385638.59,-4535.24,381103.35,330988.25956846826
01374,105740,43096,10997,318724,23528,32603,65125,3088,4439,-3382,616340.875,-3800.14,612540.735,616314,-3800.14,612513.86,556801.6411388424
01375,44400,560,3650,7292,0,42017.5,3825,21,2337,-33157.93,104107.36,-33157.93,35474.72,104107.36,-33157.93,70949.45,46542.461708945135
01376,16202,1985,0,6466,0,5480,0,170,3685,-15285.44,33990.39,-15285.44,9204.94,33990.39,-15285.44,9204.94,5676.088164660174
01382,83462,0,88925,58871,79548,77383,25621,2856,7416,-1560.96,425677.64,-1560.96,422108.67,425677.64,-1560.96,422108.67,452259.28906994016
01384,655647,67282,168886,424613,102056,279380,36709,7090,787330,-37306,1816417.775,37175.675,1241085.575,1243275.54,-2190,1241085.575,922044.3414861722
01389,0,1193,0,7307,0,4449,15,54,3807,-1282.8,16830.76,-1282.8,15547.96,16830.76,-1282.8,15547.96,11551.10397219753
01391,0,0,23379,59046,0,11035,0,245,4260,-450,93968,-450,46534.3,46984.3,-450,46534.3,42844.31206167665
01392,45000,5469,5790,3590,17399,318173,1455,250,2533,-149353.14,416851.03,-149353.14,133089.64,416851.03,-149353.14,133089.64,82067.72998443045
01395,40025,358,2130.75,5594,14161.62,1501,16.53,3480,4914.15,-11114.72,82945,-10975.307,71970.13,82945,-10975.307,71970.13,53201.172739557864
01400,25,9488,35624,79840,57954,260927,83296,154,19247,-52361.81,547755.85,-52361.81,498884.04,547755.85,-52361.81,498884.04,262931.07527687575
01404,103500,36055,93138,117098,6449,15291,0,507,6422,-635.78,380965.36,-635.78,189056.02,190482.68,-1426.66,189056.02,172311.0016395311
01405,307989,109,504,9524,0,90092,0,7748,1046,-370001.58,417217.84,-370001.58,47216.31,427223.23,-370017.2,47206.02,43731.65694868738
01411,0,84,7095,7858,0,8567,3022,210,1259,-706.36,27964,-706.36,13118.74,14017.06,-863.45,13153.61,11988.572034234894
01413,43650,4000,13059,70209.5,29133,201195,49614.5,3347,1235,-38435.08,401540.42,-37504.58,364035.84,401540.42,-37504.58,364035.84,224477.23971434083
01414,110678.75,996,9034.8,7335.2,1545,31580,4356,2426,4820,-10373,145442.91,-3959.26,70305.11,79449.295,-2165.16,77284.135,78864.14195853526
01418,20000,3365.41,1856.47,31366,2337.31,1079,185,431,1982,-38879.24,62621.4,-38879.24,11041.18,30409.61,-20269.12,10139.49,6252.3644026675
01418,20000,3365.41,1856.47,31366,2337.31,1079,185,431,1982,-38879.24,62621.4,-38879.24,11041.18,30409.61,-20269.12,10139.49,6252.3644026675
01422,17000,0,39440,16185,68331,0,17425,820,5160,-36691.15,164068.92,-36691.15,61344.17,82034.45,-20590.16,61444.29,56002.06306538044
01424,25000,216537,68898,11562,2135,87960,32409,0,14491,-1227.74,470788.33,-1227.74,234413.34,235394.17,-980.82,234413.34,222306.16487616271
01425,2030,0,0,1014,0,0,0,0,1877,-1171,4921,-1171,3750,4921,-1171,3750,2627.783602274445
01434,85000,0,16943,800,27525,5375,192,0,16545,-2385,152381.18,-2385,149996.16,152381.16,-2385,149996.16,142295.64714688234
01436,631988,76366,156299,389192,199724,319090,57233,6723,50441,-286079.44,1887409.74,-286079.44,1602135.8,1888184.74,-286049.44,1602135.3,1451094.4924611938
01437,82521,85658,55230,234385,3380,148718,2628,4000,8682,-3337.09,568106.16,-3337.09,564769.07,568106.16,-3337.09,564769.07,490452.89204209956
01445,182500,109817,6064,321566,37780,317151,2787,942,22684,-16098.96,955114.95,-16098.96,468128.3,955114.95,-16098.96,468128.3,280256.5956570779
01446,0,15089,495,17012,8634,37680,0,3049,4384,-4907.88,85546.83,-4907.88,38998.12,43365.92,-3775.3,39590.62,27430.294300578033
01452,309414.3,11345,11849,83390,14224,212040,5378,1082,26348,-9342.3,676842.7,-9342.3,332393.07,340048.68,-6228.28,333820.4,175936.18894153595
01458,0,0,0,0,0,0,0,0,4303,-3054.28,4303,-3054.28,1248.98,4303.26,-3054.28,1248.98,658.2604935594097
01459,172500,59909,76928,398575,0,215209,100,1613,31358,-65115.95,1003329.22,-65115.95,938273.8,1003389.22,-65115.94,938273.28,890104.143854269
01460,0,78335,185,85165,2400,214241,11168,2400,21923,-96833.65,425747.55,-96833.65,328913.9,425747.55,-96833.65,162572.22,94573.32102878176
01472,0,4740,172,2766,0,262,0,1530,239,-400.28,9633.84,-400.28,9233.55,9633.84,-400.2,9233.55,8019.338177264592
01478,372616,49134,159228,156240,156421,180310,30667,2753,23897,-9968.91,1149242.07,-9968.91,1139273.16,1149242.07,-6893.91,1142348.16,1038443.9794389908
01479,800,0,30720,63193,13478,172933,4734,3004,39259,-3015.9,221812.14,-527,221317.75,227597.15,-2035.9,225561.23,232494.57405540845
01483,140181,1695,9758,22761,281,28634,0,12743,10879,-9130.88,220483.82,-9130.88,210252.44,222420.92,-10320.88,212190.04,192185.88991773693
01487,34030,48756,97527,182704,39888,54054,4563,1233,8548,-349.85,477618.14,-349.85,238459.22,239466.33,-349.85,239116.48,239116.48
01491,53253,0,420,9817,0,21031,3103,292,3031,-16260.75,91358.74,-16260.75,75097.29,91358.74,-16260.71,75097.99,67820.11480705916
01494,24430,225,122.6,9021,9683,55242,1217,962,4163,-66344.09,46354.61,-4528.09,41826.52,46354.61,-4528.09,41826.52,28979.433844911066
01498,9000,1090,1502,6084,550,9166,655,374,1465,-3185.46,30432.81,-3185.46,27246.65,33432.11,-4205.96,29226.14,19172.19234046592
01505,109800,4825,32771,177826,316466,392433,42658,3500,29180,-1154,669864,-895,668802,669864,-1110,668754,580812.8491640165
01507,14957,0,199,1178,0,0,0,456,2192,-4980.76,19285,-4980.76,14304.51,19285.37,-4947.04,14338.53,14338.53
01508,33500,15594,115,31608,62,6697,0,0,5450,-3229.56,93032.18,-3229.56,44108.09,46516.09,-1855.75,44660.34,25980.3100920991
01509,404174,17175,98453,278915.33,30010,10700,0,41455.7,94424,-360776.46,322877.65,-97907.33,244970.33,490523.74,-25237.2,465286.54,442366.0208737353
01510,779423,0,0,15441,1425,309414,7124,1708,37496,-283800.21,1152044.96,-283800.21,868244.75,1152044.96,-283800.21,865244.75,642819.5123363473
01511,876183,5280,0,94511,15074,344972,1092,2500,35820,-21085.25,1375619.73,-10795.57,1364824.16,1380764.57,-15940.41,1364824.16,1185349.7832947327
01512,13254,75132.2,12486,162765,5636,27685,6468,2010,3726,-311331.37,310148.85,-311311.37,-77103.8,234237.56,-311331.37,6435.95,2896.81168213045
01519,330953,57926,13710,368800,202800.42,232478,67861,600,56106,-19034.74,1313909.7,-19034.74,1294875.02,1316409.76,-19679.2,1296730.06,776319.5519300977
01522,75283,158680,1319,14442,2605,93530,2547,1530,12678,-171044.33,363045.16,-171044.33,96000.41,363045.16,-171044.33,96000.41,57473.0220076071
01523,0,0,0,34,3753,22969,303,12,243,-486.02,25940.7,-486.02,24666.43,25940.7,-486.02,24666.43,19012.73003686714
01524,0,325,17262,145971,15382,174682,850,0,89764,-4282.65,560173.45,-4282.65,555890.3,561703.03,-4282.65,557425.37,574559.6172082785
01526,374367.16,28500,0,28383,0,37597,70714,2203,45710,-208921.02,583448.85,-208921.02,374527.83,583448.85,-208921.02,374527.83,278249.35906778264
01537,23400,32673,1542.37,80770,6103,37363,8,10,3057,-23723.75,192277.22,-23723.75,83201.68,192277.22,-23723.75,83201.68,64131.334794420145
01540,0,2323,2509.625,5900.25,2817.5,5634.4375,10391,806.5,7881.25,-6084.75,27887.54,-1344.31,26443.385,27079.81,-1444.155,25635.655,24319.57003605432
01551,13043,11827.875,120.1875,38993.875,0,375,0,0,1598.625,-1762.63125,65765.6,-1167.24,64958.36,66360.89,-2902.63,63458.26,37990.858305130714
01552,50659,0,0,21597,0,322176.66,0,0,5120,-51291.82,399645.66,-51291.82,174000,199822.82,-25822.82,174000,186428.57133962587
01556,0,0,0,0,0,0,0,0,0,0,0,0,0,0,0,0,0
01557,0,45779,362856,82943,93531,1526,18243,0,7702,-6622,630711.6,-2528.575,628183.025,630711.6,-2150.825,628560.775,656293.619577483
01565,0,0,0,10000,0,0,0,0,0,-3780.5,10000,-3780.5,6221.5,6221.5,0,6221.5,4215.818299511892
01573,179100,418,39246,639498,18726,174915,96651,785,53161,-132420.14,1304691.15,-132420.14,584376.8,652518.96,-68292.1,584226.8,527608.3773928009
01574,150500,5400,110177,374595,208715,788072,20020,2036,45343,-855419.73,1729291,-855419.73,854530.26,864645.5,-10115.23,854530.26,742159.5310195795
01577,22800,11600,0,3483,0,4870,0,155,380,-10955.08,43301.89,-10955.08,15536.64,24124.36,-5994.28,18130.08,11893.236013300422
01580,443090,0,111,6866,58111,91871,1389,0,24189,-38356.61,535593.44,-26109.01,509484.43,541717.36,-32232.81,509484.55,392707.5060099086
01581,1350,0,0,1050,0,0,0,30000,200,-724,32600,-724,31876,32600,-724,31876,23563.116840919232
01582,0,19577.59,10894.32,0,23841.33,493,3914.17,0,1906.09,-355.395,152686.9,-355.375,152331.525,152686.9,-355.375,152344.32,130112.14662912597
01589,98000,0,8925,188028,30977,126790,1400,175,7060,-254238.31,458894.6,-251738.31,145009.4,391226.22,-176216.82,215009.4,148968.900193801
01591,20000,40209,50190,73619,25071,131422.56,25907,2567,7810,-66009,323905,-6043,317862,323956,-6043,317912,190325.88894654083
01600,94776,418.5,7916.5,43083.52,5741.5,7640,2636.5,4748,8455,-24566.22,175730.81,-24566.22,149415.56,175451.83,-26315.25,149136.58,129512.16852273434
01601,179774,64092,64249,74238,335,12480,9950,4229,16623,-4002,418653.92,-4074.84,414579.08,418653.92,-4074.84,182990.495,135268.74182653552
01602,103078,17950,60140,5111,0,242762,56125,2010,12038,-12177.86,576706.55,-12177.86,564527.69,576705.55,-12177.86,564527.69,535838.577873338
01603,33162,222,1683,1405,19798,4172,775,2413,4345,-6825.05,67981.16,-6825.05,61156.1,67981.16,-6827.66,61153.49,63130.6383391226
01613,95635,0,0,12043,0,2790,13237,235,4879,-16297,125845,-16281.6,54452.2,62921.72,-8379.38,54541.84,56218.35746771836
02000,10000,7511,897,5598,0,10021,0,200,489,-693.85,35231.58,-693.85,442.17,1483.99,-1041.82,442.17,NA
02001,48000,0,2160,34293,0,601724,0,858,4288,-18707,704764.615,-31451.325,441742.74,489102.055,-17359.315,441742.74,NA
02003,24000,0,35675,64000,0,3885,0,1327,5422,-2352.84,134312,-2352.84,65492.74,67156.11,-1663.37,65492.74,NA
02005,17000,0,0,95749,25912,282882,0,514,4728,-2366.18,427109.38,-2366.18,424743.19,427109.38,-2366.18,424743.19,NA
02007,0,0,0,0,0,0,0,0,0,0,10596.86,-4545.24,6051.62,10596.86,-4545.24,6051.62,NA
02008,3832,21150,0,22358,14843,29850,8449,1118,470,-2858.64,105395.34,-2858.64,102536.71,105595.35,-2858.64,102536.71,NA
02009,46100,17174,223.6,10184,12,168583,15922,50,9205,-36337.75,267489.03,-36337.75,114735.16,136349.35,-19079.85,117269.5,NA
02010,1000,597.841666666667,3672.16666666667,12216.5,1510,336.666666666667,0,6378,2548.08333333333,-716.84,27431,-418.89,26714.87,27431.72,-716.84,26714.87,NA
02011,0,0,733,1098,0,0,0,926,5270,-828,8030.89,-1680.345,6350.545,8086.45,-1680.345,6406.105,NA
02012,123400,3938,50300,66509,75147,123191,6468,230,14038,-213470.55,463372,-212835,249366,463372,-214006,249366,NA
02013,12150,350,1067,7008,6735,72,280,1892,4257,-18312,33793.56,-19736.77,8434.37,21120.98,-12680.605,8434.375,NA
02014,17000,8957.75,6403.625,34182.28125,9156.71875,45453,0,598,14983.78125,-1440.32,136775.56,-1440.32,135335.24,68387.78,-1249.66,67138.12,NA
02018,21150,87910,90624,226623,26084,60696,0,814,7816,-10688.65,512888.24,-10688.65,511219.68,521888.24,-10668.56,511219.68,NA
02019,23000,2481,50117,29026,4687,52939,0,4025,3940,-1882,181182.37,-1882,179937.28,182182.37,-1245.09,180938.28,NA
02024,5533,109,194,866,145,1223,0,107,6535,-27103.48,8852.15,-27103.48,-12532.95,8852.15,-21385.11,-12532.95,NA
02025,0,213,24643,0,14753,172.25,0,476,3348,-13356.88,45527.45,-13356.88,32170.64,42778.09,-10607.45,32170.64,NA
02027,0,2356,0,977,0,6176,0,50,5386,-3208.06,14947.71,-3208.06,11739.65,14947.71,-3208.06,11739.65,NA
02028,0,412,19041,8204,0,50,0,440,2897,-865.31,31055.19,-865.31,30189.88,31055.19,-865.3,30189.88,NA
02029,0,0,0,1862,0,4220,0,345,102.11,-924.93,6530.12,-924.93,5605.19,6530.12,-924.93,5605.19,NA
02031,37000,8677,125.16,21347,0,9008,9724,239,1968,-649.97,88394.78,-649.97,86777.49,88394.78,-649.97,86777.49,NA
02032,10050,1263,10458,3825,0,2125.75,5017,1166,8299,-182,46361,-182.4,22792.75,24095.94,-387.9,23708.04,NA
02033,35500,85244,3638,37731,4967,109082.18,4145,1135,11644,-40422,142469.69,-19216.58,123268.58,142469.69,-19216.58,123253.11,NA
02035,20200,108.5,6101.5,10550.55,21052.5,20136.68,13576.25,152.3,3094.6,-5031.05,94973,-5870,89103,94972.377,-5870.45,89102.927,NA
02036,0,0,11748,3928,68823,12722.5,11176,1096,7751.3,-42139.72,51699,-21733.59,50306.42,72065.02,-21733.59,50331.43,NA
02038,13525,18541,43141,22476,5769,7052,0,264,11121,-675,122827,-1027,121800,123374,-1027,122346,NA
02042,4518,1318,8154,303,27482.5,4504,19193,3845,1981,-552.75,71309.35,-552.75,70756.6,71309.35,-552.75,70756.6,NA
02043,0,0,0,0,0,0,0,0,0,0,0,0,0,0,0,0,NA
02044,0,0,10021,51,0,343,0,502,3114,-835.35,14236.97,-835.35,13401.12,14236.97,-835.35,13401.12,NA
02046,16100,0,7983.31,1390,0,50,0,928,5943,-1106.67,32400.51,-1106.67,31293.84,32400.51,-1106.67,31293.84,NA
02048,8001,17412,7036,9179,250,17054,9170,2358,2508,-651.58,36663.57,-710.9,35957.67,36663.57,-710.9,35957.67,NA
02051,42302,1145,43149,389,2355,69560.89,5220,1370,8714,-1724.47,174222.63,-1228.47,86000.78,87111.31,-1110.53,86000.7,NA
02054,30000,248394,72890.5,14600,8796,30602,15337,3051,2055,-338493.48,70215.97,-606,73209.97,73815.97,-606,73209.97,NA
02058,0,68601,18203,94681,6154,36288,0,1450,1884,-31475.68,227274.31,-31475.68,98291.54,117211.99,-18420.19,98781.2,NA
02060,657000,94613,42215,29917,110831,68001,88752,917,48201,-360683.51,1000396.65,-343866.095,656530.555,1000396.65,-343866.095,656530.555,NA
02061,89591,1418,103488,0,0,35975,1115,5033,10637,-2404.77,224195.6,-2404.77,221790.82,224195.6,-2404.77,221790.82,NA
02062,10450,146,70,3036,1740,4034,1125,44,13499,-1452.98,34147.7,-1452.98,32694.72,34147.7,-1452.98,32694.72,NA
02064,14000,492.5,23665,19006,5940,130,0,2623,3081,-5246.85,11168,-2893,2758,28884,-2067,26817,NA
02066,47167,4584,63270,30929,35198,12246,24375,1512,53,-931.61,219275.35,-931.61,108130.57,109637.67,-1507.1,108130.57,NA
02067,100,6142,53045,3007,0,0,4945,2144,1590,-939.3,70978.9,-939.3,70039.6,70987.9,-939.3,70039.6,NA
02068,87000,38721,577997,111524,183028,425599,219553,241,86113,-6582.13,1731571.8,-6582.13,861761.43,865479.2,-4024.46,861454.73,NA
02072,0,13781,15277,13,153,1770,12245,4340,336,-1969.59,48829.7,-1969.59,46860.11,48829.7,-1969.54,46860.11,NA
02075,44000,14706,25471,166896,22415,39684,11990,806,15440,-9170.26,273152.29,9170.26,271385.59,277737.93,-6351.83,271386.1,NA
02078,0,10095,0,6617,95,22207,0,727,14489,-48742.18,58033.11,-48742.18,9252.73,58033.11,-48742.18,9290.82,NA
02079,89558,7436,1815,36336,7510,97907,7600,14025,18196,-3423.99,277637.84,-3423.99,137106.92,139822.16,-2695.76,137126.4,NA
02082,49000,3148,45403,6417,17738,0,0,4494,16743,-14458,110907.595,-6663.365,104244.23,110907.595,-6663.365,104244.23,NA
02083,55000,16265,15070,52954,12380,208579,5466,76,23765,-12728.18,385419.52,-12728.18,372691.4,391319.92,-12712.14,378607.78,NA
02084,0,0,525,4363,0,26040,812,665,1718,-1540.71,34132.78,-1540.71,32591.91,34132.78,-1540.71,32591.98,NA
02085,167260.34,41687,763,66211,5345,92070,2436,633,40694,-8258.25,418347.95,-8258.25,204655.05,209473.34,-4518.92,204954.47,NA
02088,15000,0,8486,13654,23217,17970,0,413,3322,-1587.2,81633.91,-1587.2,81633.91,81633.91,-1439.66,80194.25,NA
02089,36000,0,0,145341.78,0,0,0,439.24,22310.64,-2289.98,102046.27,-2289.98,99756.28,102046.27,-2289.98,99756.28,NA
02090,35000,13582,572,63648.8,21132,66918,0,579,12801,-15668.5,214262.7,-15668.5,198594.2,215711.74,-15732.84,199978.9,NA
02095,0,902,175,6838,0,1173,0,700,1939,-521.55,11731.65,-521.55,5344.27,5865.82,-521.55,5344.27,NA
02098,18400,2514,2615,1337,45,880,0,1859,5489,-9477.75,33142.99,-9477.75,22643.13,33142.99,-10499.85,22643.14,NA
02105,0,11765,21701,34996,982,33327,0,400,9625,-4703.64,112301.36,-4703.64,53291.03,56150.67,-2852.65,53298.02,NA
02107,238971.25,184415,13683.02,238828.9,11901.1,337974.2,0,466,44858,-7867.67,1071117.88,-7867.67,1063250.21,1071117.88,-7367.67,1063750.21,NA
02110,34000,208,82547,114044,111142,244317,0,6987,376798,-24463,644014.95,-24268.65,619746.3,644014.95,-24268.65,619856.3,NA
02113,0,0,0,2229,0,10,0,0,1224,-13666.71,3483.07,-13666.71,-10183.64,3483.07,-13666.71,-10183.64,NA
02114,0,0,0,5857.87,0,3341,120,90,26545.62,-43952.53,10656.11,-33296.42,-7958.8,10656.11,-43952.53,-7958.8,NA
02118,162240,13130,82314,85183,666,93752,44818,2397,8139,-14537.11,492586.2,-14537.11,478049.08,492459.53,-14537.11,477922.42,NA
02119,38010,21065,212912,89858,45374,2075,2817,103031,2539,-1339.98,518833.04,-1339.98,258231.48,259416.52,-1185.04,258231.48,NA
02122,0,109,26034,8982,671,37505,463,23,3145,-680.8,76979.67,-680.8,38149.39,38489.83,-340.45,38149.39,NA
02123,0,17763,6715,47301,27004,62939,1850,1256,6252,-863.57,171304.01,-863.57,169672.47,171302.76,-1631.54,169671.22,NA
04024,364884,103818.03,167704.13,161171.71,22695.995,0,33678.005,26385.9,21831,-5211.745,588421.73,-5211.745,587719.29,590674.615,-2957.095,587717.52,593526.3556431426
04025,40179.6,0,28503.84,1711.92,0,0,0,1527.94,14562.56,-3599.18,63048.76,-2329.27,60719.49,63048.76,-2329.27,60719.49,55446.196069388854
04033,170536.8,246,37163,32441,308,19764,1975,6537,10871,-14755.91,276961.98,-14755.91,262384.17,277447.83,-16371.08,261076.75,203944.19586540625
04054,24254,12797,28091,749,7404,1427,0,107,5066,-393,80068,-781,79286,79948,-781,79166,75323.91652072927
04055,55598,4000,41511,12290.43,4224,256,24123,1554,15222,-8362.04,158211.9,-8362.04,149879.21,158760.15,-8362.09,150398.06,137336.46845873885
04071,28100,0,14281,2612,0,6411,0,1315,10583,-18210.14,63331.6,-18210.14,45121.45,63177.64,-18210.14,44967.49,30953.68552203301
04232,163497,0,8100,28073,0,6900,0,2624,18268,-3338,226963.83,-4516.81,222447.02,226963.83,-4516.81,222447.02,211489.03876011592
04233,648905,209324,205216,10792,3639,12875,79545,19027,13490,-1065.8,1202816.55,-1065.8,1201750.75,1203044.05,-1065.8,1201978.25,871238.6150266143
04317,42100,136709,152951,40370,0,76004,16794,5796,22964,-266130.39,311262.99,-2112.18,309150.86,311262.99,-2112.18,309150.86,NA
04350,43864,228979,305047,133139,0,1150.5,0,13131,28514,-1162.06,785169.9,-1162.06,775624.87,785169.9,-9545.02,775624.87,533906.791529786
04362,31350,0,2065,5000,6748,26786,0,1000,19643,-850,56069.775,-900,55969.775,60407.965,-900,59507.965,40962.72295087289
10003,9531812,17875,1482938,1041301,139392,1597921,42872,1130,1405494,-3275113.25,15262172.57,-3275113.25,11987059.35,15262201.37,-3265603.21,11996598.15,NA
C4,1014955,119820,7320,158039.53,27072,174919,38237,2303,25806,-82428.98,909233.83,-73524.52,835709.3,909233.83,-73524.52,835709.3,NA
C9,47380,13861,99705,112811,133231,100830,37174,3968,26582,-30047.01,582565.99,-30047.01,480878.1,582565.49,-30047.81,552018.18,NA
G100,309381,3360,14728,57802,7371,9792,5283,6762,17724,-5456,429216.785,-6153.415,423063.37,429216.785,-6153.415,423063.37,NA
G101,860137.08,412562,164862,231520,0,2656,0,62505,33087,-3518.86,1482798.26,-3518.86,1478846.35,1482798.26,-3518.86,1478846.35,NA
G102,192747.5,0,0,1069.5,0,0,0,357,18654.5,-132467.33,213239,-132468.44,80770.56,213239,-132468.44,80770.56,NA
G103,72933,0,35105,6196,59452,56091,0,2150,18701,-1824,250585.705,-1824.85,248760.855,250585.705,-1824.85,248760.855,NA
G105,144000,104147.5,106202.51,40312.5,6917.87,15712,6136,9000,5000,-700,445024.13,-700,444324.13,445024.13,-700,444324.13,NA
G108,116060,32966,14299,54214,0,36780,0,0,4617,-10311,175842,-10311,82656.52,93601,-5355.62,88245.38,NA
G109,126026,0,1275,3355.5,5037,13379.2,0,0,12139.5,-57571.21,160994.57,-57571.21,103423.35,160994.57,-57571.21,103423.35,NA
G110,96869,12300,0,1235,1217,1109,0,177,4170,-7172,117087.08,-6982.22,68625.27,73179.42,-4554.15,68625.27,NA
G111,145126,0,26009,17750,0,6305,0,0,13314,-69188.95,209564.32,-69188.95,140375.36,209597.32,-65721.66,143875.65,NA
G114,69020,0,29663.5,23546.18,6212,2899,0,2308,9921.26,-3035.7,143634.5,-3035.7,140598.8,143634.5,-3035.7,140598.8,NA
G116,0,11463,10078,47102,16623,30901,450,2274,3241,-21557,75128,-17390,57738,75208,-17390,57818,NA
G117,517441.29,31405.44,48597.54,366697.75,48038.9,17654.5,4682.5,44451.84,37993.39,-400,449913.57,-536.57,449377,449913.57,-536.57,449377,NA
G12,109500,0,0,17760,0,30100,0,600,2000,-2375,97590,-2450,95140,97590,-2450,95140,NA
G120,118640,79942,195423,214597,46821,367524,439,7350,61789,-544050.09,1090547.43,-544050.09,1076718.3,1079515.24,-2796.94,1076718.3,NA
G121,42209,81827,146136,63610,53019,19651,5739,5345,1374,-2299.22,424562.66,-2299.22,422313.3,424612.53,-2299.22,422313.2,NA
G122,0,2397,54093,4206,8276,26119,1128,2168,7668,-3842,100613.18,-5109.53,95503.65,100614.795,-5709.53,95505.265,NA
G123,325622,15686,4326,29743,1230,45515,6712,3645,23022,-7704,187170,-3899,183272,187170,-3899,183271,NA
G124,12000,19631,120112,7536,0,7395,0,697,4600,-119945.13,175456.95,-119945.13,55911.82,175456.95,-119945.13,55911.82,NA
G126,262120,112393.31,72439.8,126935.01,37753,625876,23710,711.85,39594,-6048,1188381.445,-3513.665,1184867.78,1188355.02,-3162.855,1185187.215,NA
G127,172198.9,0,0,26188.54,0,230075,0,300,10491.54,-22998.475,439253.98,-22998.475,416255.505,439253.98,-22998.475,416255.505,NA
G128,145521,0,24583,6590,0,304,0,1960,12190,-12009.84,193324.77,-12009.84,181134.93,193324.77,-12009.84,181134.93,NA
G129,56298.02,0,0,0,0,0,0,0,0,0,56298.02,-59830.61,-3532.59,56298.02,-59830.61,-3532.59,NA
G13,0,0,0,930,0,324,0,726,12051,-3070.59,14113.61,-3070.59,11043.02,14113.61,-3070.59,11043.02,NA
G132,0,0,500,0,0,27660,0,0,0,-70302.02,28160,-70302.02,-42142.02,28160,-70302.02,-42142.02,NA
G133,0,0,0,0,0,0,0,0,1490,-270,1490,-270,1220,1490,-270,1220,NA
G134,2850,0,1009,4010,316,1863,1432,625,2046,-12000,20654.04,-4287.53,16366.51,20654.04,-4287.53,16272.51,NA
G135,289100,54228,8304,90297,516,120802,29421.5,2245,21921.25,-59064,619630,-59064,560565,619729.12,-59064.58,560664.54,NA
G136,0,0,0,0,0,0,0,0,0,0,3924.99,-5757.6,3924.99,3924.99,-5757.6,-1832.61,NA
G138,53310,7644.92,0,22176,0,82850,0,0,6725,0,160761.62,0,160761.62,160761.62,0,160761.62,NA
G141,0,7326,44176,7044,10000,23284,279,1206,4129,-3622.05,82768.78,-3622.05,80146.73,82768.78,-3622.05,79146.73,NA
G143,3500,0,0,467,0,0,0,125,1908,-3000,6000,-3000,3000,6000,-3000,3000,NA
G146,713272,257,588102,75153,1091170,309927,140320,0,55627,-2619.51,4507219.44,-2619.51,4504599.93,4507219.44,-2619.51,4504599.93,NA
G149,71122,400,87,29452,0,1645,0,325,3850,-5452.11,100875.88,-5452.11,49378.07,100875.88,-5452.11,49378.07,NA
G150,104251,0,11196,26632,35712,611,1310,1836,12718,-22367,195011.815,-21175.61,173836.205,208369.015,-25877.96,186509.055,NA
G151,268952,19231,5275,45362,0,12826,0,2167,10554,-4635,288357.43,-3558.18,284799.24,288357.43,-3558.18,284799.24,NA
G152,74273,82604.25,40116,321721,95172.75,45761.8,2450,0,12712.16,-1099.17,669775.16,-1099.17,668675.99,669775.16,-1099.17,668675.99,NA
G153,60405,47691,1912,97054,2368,80303,147,2684,4034,-650,296642.04,-650,287780.4,288430.4,-656,287780.4,NA
G154,38725,0,24883,18515,153612.5,220149.5,132007,1996,14150,-75238.97,604038.02,-75238.97,528899.05,607296.02,-75638.97,531657.05,NA
G156,12000,5238,2469,35392,4102.2,26029.35,2424.9,252,4720,-14639.67,100148.57,-14639.67,85503.94,100143.57,-14639.63,85503.94,NA
G157,33450,3812,0,1810,2312,32187,0,635,5286,-5610.6,79800.68,-5610.6,74190.08,79775.65,-5460.6,74315.08,NA
G158,67732,38914,7896,107322,27346,94939,3000,1524,9662,-3588.24,400086.89,-3588.24,396498.65,399909.62,-3370.71,396538.91,NA
G159,1283985,84375,25093,37976,96760,302764,25064,300,113542,-156318.72,1815085,-156318.72,1730425.64,1817475,-37899.01,1719575.99,NA
G160,89450,585,9724,137640,5020,75926,198,2272,13480,-44541.04,350602.44,-44541.04,306061.4,348060.7,-44541.04,303519.66,NA
G161,26002,20525,74460,109167,195932,43474,31692,870,17870,-4408.45,442334.01,-4408.45,437925.56,442334.01,-4408.45,437925.56,NA
G162,77438,0,0,617,0,7183,0,180,1911,-15004.88,86637.87,-15004.88,71632.99,86638.87,-15004.88,71633.99,NA
G165,303013,91169,85446,430889.45,2632,79429,1391,7820,13536,-14730.53,1033272.45,-14730.53,291910.36,292045.39,-470.97,292374.62,NA
G166,70250,0,0,4935,2450,2,0,4500,1581,-50436.5,83720.59,-50436.5,33284.09,83720.59,-50436.5,33284.09,NA
G169,68100,18726,25276,113318,0,1750,0,22909,16390,-146438.39,266480.77,-146438.39,120042.38,266560.9,-149109.4,117451.5,NA
G171,84319,33540,5490,131194,172739,74863,24775,4808,19086,-315,550310.2,-315,549995.2,259465.66,-318,259160.66,NA
G172,5410,0,112696,78834,28734,28152,3915,593,10417,-18100.16,284069.46,-18100.16,265969.3,284069.46,-18100.16,265969.3,NA
G174,108745,71687,49947,414262,62573,906717,25068,5667,23917,-21311.95,1697365.55,-21311.95,1656053.6,1676833,-21312,1655521,NA
G179,42030,0,0,5070,0,0,0,80,2416,-700,49601.7,-700,48901.72,49601.72,-700,48901.72,NA
G18,192797,323337.25,404708.288,72287.54,127558.98,338183.76,25041.9,14878.8,184487.52,-4820.59,1413820.62,-46386.31,1367434.31,1414580.62,-47451.31,1367129.31,NA
G180,0,0,17339,17824,35571,16629.35,0,167,1377,-1306.17,88924.65,-1306.17,87618.48,88924.65,-1306.17,87618.48,NA
G181,83120.75,0,0,0,0,0,0,0,0,-3423.3,64780,-860,63920.27,83465.5,-4610.21,78855.29,NA
G182,243875.77,14393,120,13100,2,28600,90,6054,18677.5,-102369.77,324420.24,-102369.77,222050.46,324420.24,-102369.78,222050.46,NA
G183,788,14585,5115,67859,7668,8608,4075,834,3100,-2597,44068,-2945,41123,44890,-2945,41445,NA
G184,199864,45739,25453,66574,48458,95719,10198,200,29390,-9087,401507.56,-7229.26,194856.86,200760.53,-5896.92,194863.61,NA
G185,156522,90644,138832,207816,201992,66438,0,1700,43876,-10869.05,927199.37,-10869.05,1057323.96,927199.37,-10869.05,1057323.96,NA
G186,530841,242985,13711,123445,14675,80760,0,15253,7352,-35487.4,1030551.53,-35487.4,994864.13,1064326.5,-35487.4,1028839.13,NA
G187,172508.55,24493,8930,90328,14425,40215,0,467,6702,-2940.67,351478.24,-2940.67,348537.57,351478.23,-2940.67,348537.56,NA
G189,134498.8,0,135,83430,3140,7995,13689,5500,1500,-3693.25,74481.55,-3693.25,70788.3,74481.55,-3693.25,70788.3,NA
G190,91410,125237,113206,571589,25006,249918,2030,2302,24009,-323483.08,534554.73,-860.14,533694.54,534554.73,-860.14,533694.54,NA
G196,135791,11049,139315,170777,57045,108303,14947,2304,29850,-327564.06,70976.05,-12189.4,58786.65,70976.05,-12189.4,58786.65,NA
G198,214123.96,428,121115,169639,86647,97157,9816,2287,20773,-16992.43,687371.95,-16992.43,670379.52,683823.95,-16992.43,666831.52,NA
G199,0,0,0,0,0,40000,0,0,0,0,40000,0,40000,40000,0,40000,NA
G2,460579,20873,31494,160744,6406,3972,20,4542,22732,-803,710386.01,-1171.16,709214.85,710386.01,-1171.16,709214.85,NA
G201,96331,1002,7494,43806,21018,208183,8933,1463,11138,-16522.14,399515.81,-16522.14,189949.72,199757.63,-9808.18,189949.44,NA
G202,110447.89,0,0,11833,0,1360,0,0,33263,-193683,157108.82,-193683.35,-36374.53,157225.7,-193583.35,-36357,NA
G209,20267.77,31685,0,25299.54,4393.51,8550,0,1585,3611.5,-7614.68,87385.19,-7614.68,79770.51,87385.19,-7614.68,79770.51,NA
G21,41100,27467,79585,87324,0,1779,0,6097,10491,-4371,253854.29,-4371,249483.29,253854.29,-4371,249483.29,NA
G213,95471,88608,13990.25,145068.3,21673,45959,1092,262,4193.87,-9019.75,416649.23,-9019.75,407629.48,416931.37,-9072.1,407859.27,NA
G215,15888,1210,11301,55812.98,38026,44608,50880,5564,5971,-41999.85,230694.06,-41999.85,188694.2,230694.06,-41999.85,188694.2,NA
G216,35506,0,0,63034,0,336,0,1577,16816,-88014,117271.63,-89303.015,27968.615,117271.63,-89303.055,27968.615,NA
G218,390873,12427,1318,76494,4709,4398,92,177,10825,-17809.4,501714.67,-17809.4,483898.69,501708.17,-17809.48,483898.69,NA
G219,173480,19009,1252,38008,5670.5,17218,0,0,935,-4622.16,254182.5,-4622.16,124780.17,254182.5,-4622.16,124780.17,NA
G22,30699,0,48.625,62530.245,0,45178.635,0,1576.91,16774.91,-137669.945,117271.63,-89303.015,27968.615,117271.63,-89303.015,27968.615,NA
G222,62950,140367,90964,345954,441011,224332,175024,200,35676,-2346.25,1516279,-2346.25,410038.17,1516279,-2346.25,410396.42,NA
G223,184338,1152,49759,110311,1005,84700,0,3600,27579,-11749.45,305992.74,-6907.55,299885.19,305992.74,-6907.55,299885.19,NA
G225,178637,0,59143,129881,74699,400647,81480,500,22739,-341080,762552.07,-341080,532290.9,762552.07,-341080,532290.9,NA
G226,85400,7877,0,39005,0,25695,0,499,9434,-14471.3,180808.35,-14471.3,85138.85,90403.93,-5265.08,85138.85,NA
G227,106500,22190,41751,177287,55712,278299.5,10571,643,13552,-94704.1,424547.46,-94704.1,329843.36,383918.35,-54024.89,329893.36,NA
G23,154036.26,26617,31274,95091,9801,19923,0,462,25635,-6209.5,362995.31,-6209.5,356735.8,362995.31,-6229.5,356735.8,NA
G230,0,10535,189,39987,4,2470,0,105,2495,-28408,57665.04,-28487.52,20900.06,43248.77,-22448.71,20800.06,NA
G233,62881,32049,6453,115199,47533,46952.8,6960,1394,12564,-4882.83,331971.72,-4882.83,327088.89,332007.72,-4882.83,327124.89,NA
G234,589422,161026,109959,469499,107313,512495.53,46391,2418,59924,-211143.07,2061615.08,-211143.07,1850472.01,2061615.08,-211143.07,1876332,NA
G235,178195,0,11140,19277,15380,68442,4187,250,15118.5,-35347.73,298894.41,-22247.73,135884.62,146979.92,-11877.3,135902.62,NA
G237,0,101,1464,18249,1045,7070.5,0,45,5334.39,-34544.49,35060.61,-34544.49,516.12,35060.61,-16400.81,18571.7,NA
G24,83995,935,23270,33639,0,23004,2866,91,2811,-18809.19,162082.43,-18809.19,143243.24,162082.43,-18809.19,143243.24,NA
G242,332691,27691.25,1650,20473.31,0,104536.9,7200,4448,12698.84,-30653.57,237894.24,-31536.93,206357.31,196221.09,-19598,176623.09,NA
G244,38500,107620,738,162995,0,314089,0,1495,19224,-124508,528246.45,-106934.73,421311.72,528246.45,-106934.73,421311.72,NA
G246,23000,186692,5574,158908.8,14638,39029.65,0,2600,4497,-1590,436910,-1590,435320.13,432528.95,-104691.88,327837.07,NA
G248,147500,102,582,115647,0,84866,0,7941,50386,-197307.27,406878.79,-197307.27,209571.52,406878.79,-197307.27,209571.52,NA
G25,148375,6325,20559,11023,16890,4119,0,396,5583,-2250.64,215809.39,-2250.64,213558.75,215809.39,-2250.64,213558.75,NA
G253,5585.8,480,0,4646.8,0,4631.97,0,0,1574,-11138.39,14597.19,-10625.64,3631.99,3971.55,-339.56,3631.99,NA
G255,177000,1859,234,21111,0,33224,0,1490,11911,-1236,247148,-1340,247008,248347,-1340,247007,NA
G258,8393,179415,23678.5,140212,11797,81337,16128,2611.95,1037,-17753.83,240208.46,-17303.46,361666.76,240208.46,-17303.46,362858.93,NA
G259,224400,44441,2966,228149,30120,66514,616,1563,36432,-8618,635199,-8207,312441,317697,-5158,312539,NA
G26,0,0,3169,5342,14479,10144,0,261,13304.45,-2458.56,46706.58,-2458.56,44248.02,46706.58,-2458.56,44248.02,NA
G260,98000,83827,300,33643,2210,129716,5243,0,20461,-2000,372821.42,-2000,370821.42,377495.47,-6664.05,370821.42,NA
G261,131800,9070,3289,84251,8834,26870,0,138,5098,-60394.36,279121.84,-60394.36,218727.48,283569.59,-9035.06,274534.53,NA
G264,992619.04,2200,1818,96281,1256,194211,3825,923,3579,-41891.47,1106090.8,-23195,1089740.01,1117294.9,-28366.85,1088920.05,NA
G266,13000,0,0,10702,0,13024,0,452,4293,-1901.8,42477.35,-1901.8,11836.8,21238.67,-9401.87,11836.8,NA
G267,928.4,0,0,0,0,0,0,0,0,-169.11,928.4,-169.11,759.29,928.4,-169.11,759.29,NA
G268,193605,0,0,119465.83,0,112837.13,5866,400,5585.26,-275579.93,437759.22,-275579.93,162179.29,637759.22,-275492.1,362267.12,NA
G269,0,0,0,1341,0,9459,0,24.7,1696,-547.5,12521.04,-547.5,11402.83,12521.04,-1118.21,11402.83,NA
G270,300,1039,0,37702,0,22058,0,584,4175,-78080.79,64791.6,-77008.99,12217.38,64791.6,-77008.99,-12127.19,NA
G272,5239,13519,7381,16590.5,20001.5,25960.765,7287,1161.82,1852.5,-8748.88,102290.62,-8748.88,93541.74,109840.24,-16248.5,93541.74,NA
G276,13000,9341,0,13025,1810,6027,1024,618,6399,-10204,51240,-13744,18014,25620,-7606,18014,NA
G277,8000,29670,9373,63635,998,4019,1827,1655,3398,-65379,73953,-65434,8519,55707,-47220,8487,NA
G278,233066.5,289.5,0,34919.55,0,46869.7,0,407.5,21858,-15265.49,337410.75,-15265.49,322145.26,337410.75,-14744.24,322666.51,NA
G285,257637.78,5000,4,78990,0,149961.64,0,20753,9342,-203602.83,521617.37,-201310.83,157861.27,266021,-102947,163074,NA
G291,0,2805,0,3386,1355.6,20072,681,1025,450,-34660.69,29781.4,-34660.69,-4879.3,29781.4,-34660.69,-4879.29,NA
G295,26710,5530,42,11972,1022,30632,0,50,1569,-70049.7,72026.35,-70049.7,1977.9,72026.35,-70049.7,1976.65,NA
G296,6863,0,0,0,0,0,0,0,5000,-21510,11863,-21510,-9647,11863,-21510,-9647,NA
G36,43260,85141,3930,77531,16800,2956,0,4485,7784,-1528.53,248969.19,-1528.53,247440.65,248969.19,-1528.53,247440.65,NA
G37,69459,0,0,9633,0,2500,0,400,12547,-15246.28,94991.45,-15246.28,79745.17,65694.58,-2962.15,62732.48,NA
G42,92415,20459,0,628,0,30610,0,445,9631,-211035.57,278638.78,-211035.57,67603.21,279638.78,-211035.57,67603.21,NA
G43,119151,7289,18903,31660,3193,26981,2287,461,8739,-7040.5,219528.9,-7040.5,212488.4,219658.58,-7316.9,212341.67,NA
G44,340486,4530,168743.75,36635.37,60185,0,90325,0,5325.65,-270139.6,268819,-135069,181749,268819,-135069,181749,NA
G46,24000,14667,60375,0,0,2131,0,2000,6673,-4898,104846.015,-5495.925,99350.09,104846.015,-5495.925,99350.09,NA
G47,34573,29204,94768,37617,112917,102081,51072,0,9404,7981,117354.09,-2593.505,114760.585,117354.09,-2593.505,114760.585,NA
G48,60424,52730,26713,35070,40092,42344,0,2844,5829,-2334.52,265746.33,-2334.52,263411.82,265746.33,-2334.5,263411.82,NA
G49,371169,0,151901,36424,57428,19779,10519,13143,45455,-1438,692744.92,-2123.83,690621.09,692784.92,-2123.09,690621.09,NA
G51,0,0,0,0,0,0,0,0,0,0,0,0,0,0,0,0,NA
G52,1267339,249678.05,226316.73,565943.05,4017.35,133607.56,34735,1079.64,185346.42,-412877.59,1903059.37,-24476.47,1888856.48,1903059.37,-24476.47,1888592.9,NA
G53,167525,580,0,23596,0,891,0,3442,14320,-18009.16,211372.95,-18009.16,193363.79,211372.95,-26209.46,185163.49,NA
G56,254544,34826,15608,15547.5,14731,56261,31010,214,24484.5,-19153,497817.72,-29117.14,359547.455,389605.845,-30053.39,359547.455,NA
G57,191573,0,0,1660,0,0,0,715,3516,-108307.97,204348.44,-108308,96040.41,204348.44,-108307.97,96040.47,NA
G6,2905,0,0,0,0,0,0,0,0,0,2905,0,2905,2905,0,2905,NA
G61,65426,0,0,17935,0,57448,0,186,4212,-83381.72,130667.3,-83381.72,61835.58,130667.3,-68831.72,61835.58,NA
G63,141000,93809,129874,400624,130714,171405,70160,8546,26202,-4594,1159381.28,-4631.7,1154749.58,1162581.28,-4631.7,1157949.58,NA
G64,0,100,19618,2435,26515,5562,0,987,1840,-671,57987,-671,57223,59941.68,-638.08,59303.6,NA
G65,50000,1500,92966.77,85202.99,21276.25,40695,0,528.21,5648.87,-1108.73,296718.095,-1108.73,313383.405,314492.14,-1108.785,313383.405,NA
G67,167834.48,0,196929.6,150477.4,131286.4,133841.4,65643.2,0,27105,-3624.66,674041.34,-3624.66,670416.68,674041.34,-3624.66,670416.68,NA
G70,24470,11000,194540,10165,38780,7815,1746,327,8010,-1387.57,307885.14,-1387.57,306497.54,307885.14,-1387.59,306497.54,NA
G71,64000,0,52507,11718,5511,6553.36,0,824,5675,-1191.49,148168.29,-1194.49,73088.4,74115.29,-995.74,73119.55,NA
G72,54018,0,0,1515,0,0,0,290,170,-4675,55995.6,-4675,51320.6,55995.6,-4675,51320.6,NA
G75,86472.07,5480,0,79280.4,0,460,0,3047.45,4789.89,-2735.15,192899.825,-2829.32,190000.5,192899.825,-2829.32,190000.5,NA
G76,4000,148228.36,12420.62,1792.5,7811.25,5020,303,5675,86619.05,-21329.31,34805.76,-16566.39,18239.37,34805.76,-16566.39,18001.22,NA
G77,306662.5,26384.5,68051.16,172136.57,137179.75,43986.875,40591.75,6752.4,15555.36,-16852.525,723519.715,-16852.525,706667.195,723519.715,-16852.525,706667.19,NA
G8,47485,0,0,0,0,0,0,0,6587.3,-677.3,54072.52,-677.5,53395.02,54072.52,-677.5,53395.02,NA
G80,118000,0,667079,151483,85907,275082,219043,899,19369,-398913,1531703.08,-397771.903,1133931.177,1542139.51,-39771.905,1144367.605,NA
G83,12200,915,6462,12908,2484,10683,0,200,3208,-44106.7,20722.53,-594,20128.53,20722.53,-594,20128.53,NA
G84,168400,1170,23298.625,21368.275,304.3,44865.3,0,4500,4579.795,-3705.71,21621.67,-2522.855,19098.815,21621.67,-2522.855,19098.815,NA
G85,123189,4087,33119,22643,10650,2065,2130,2000,7541,-75532.21,208699.47,-75532.21,133167.26,208699.47,-75532.21,133167.26,NA
G86,19387,15492,50199,14867,0,0,0,6535,10225,-2291,38063.81,-920.02,70952.72,74193.89,-3211.09,70952.72,NA
G87,12150,3446,93456,4116,7770,47134,5537,0,6034,-4121.62,181166.48,-4121.62,177044.86,181166.48,-4121.62,177044.86,NA
G88,1396281,0,94350,254516,163915,15484,218200,263,1897330,33675.78,4040112.47,33675.78,4006436.68,4040112.47,-33675.78,4006436.68,NA
G89,59750,0,38257,2280,4382,10897,0,954,4757,-43757.44,138498.92,-43757.44,106430,150187.75,-43787.44,106430,NA
G9,26956.05,9697.5,110535.2,47445,0,19319.6,0,2736.7,23501.83,-87720.67,109405.51,-10743.91,98661.6,109405.51,-10745.91,98661.6,NA
G90,1293479.3,624410,923945,1321995,77975,390939,56530,148218,25857,-33298,4758703.9,-33298,4694405.71,4758706.9,-33298.19,4725410.71,NA
G91,221849,212,9730,121993,26976,9357,0,1960,22556,-2700,414637.455,-2850.33,411787.125,414637.435,-2829.88,411807.555,NA
G94,190000,0,0,0,0,0,0,2932,5309,-13331.87,89820.76,-13331.87,75713.3,89820.76,-13331.87,75713.3,NA
G97,82280,0,23,1356,0,60,0,625,7498,-84766.92,94005.08,-84766.92,9238.16,94005.08,-84766.92,9238.16,NA
00102,197395,0,0,33568,0,1675,0,1330,3685,-174825,238046,-174825,63706,238084,174957,63082,56492.79956677377
00152,0,0,5500,13276,1600,91850,6710,1160,590,-310851,120795,-310851,-190059,120795,-310851,-190059,-100168.40280634987
00520,406257,351752,27647,127669,79952,224401,0,3000,31835,-368456,1784358,-368456,1415907,1784358,-368456,1415907,823677.1771825426
00702,0,1360,0,1000,0,3336,0,0,12,0,5708,0,5708,5708,0,5708,3087.5022569494968
00787,834819,56180,14732,42465,17747,308749,39592,3245,28688,-6915,1364416,-6915,1334467,1364416,-19948,1334467,875403.2515554798
00822,45000,11631,12659,48980,11032,72395,8773,5187,10099,-12418,230313,-12418,217895,230313,-12418,217895,142937.9606222419
00840,124462,66232,97526,360938,89091,481663,100615,55000,38720,-28077,1463218,-28077,713608,732860,-17155,705754,462970.8688175025
01113,18000,15434,921,33059,18724,123553,6779,10582,3407,-2238,224545,-2238,2238,220695,-2238,220457,144618.61899032828
01215,0,750,0,646,0,182,0,2629,100,-1526,4281,-1526,2754,4281,-1526,2754,1806.6093464909895
01224,336479,91587,79666,208767,135770,1750,0,2083,9800,0,868775,0,868775,868778,0,868778,824176.6171678938
01245,152305,0,0,0,0,57167,0,0,829,-12103,209921,-12103,197438,209541,-12103,197438,183278.00670574268
01258,0,0,0,0,0,25000,0,0,0,0,25000,0,25000,25000,0,25000,16399.866979765702
01295,0,0,0,0,0,28350,0,0,0,-10000,28350,-10000,12004,28350,10000,12004,9252.608151580052
01451,13500,1200,0,5587,0,2840,0,251,808,-1099,24197,-1099,22277,24095,-1817,22299,9106.187931036799
01517,168000,16111,0,524384,7550,217483,9720,5416,97320,-45057,1056072,-45057,1011034,1056073,-45057,1011015,751117.1499254935
